race_id,horse,jockey,horse_number,finishing_time,odds,passing_order,rank,weight,weight_change,sex,age,handicap_weight,last_spurt,popularity,race_name,date,meeting,class,turf_or_dirt,distance,course_type,track_condition,weather,venue_id,venue_name
201608050606,ダイメイフジ,幸英明,5,1:10.4,5.9,1-1,2,518,0,牡,2,55.0,34.7,8.0,2歳新馬,2016年11月20日,5回京都6日目,2歳新馬,芝,1200,右,良,曇,7,京都
201609050603,ダイメイフジ,幸英明,4,1:11.0,6.7,11-12,1,514,-4,牡,2,55.0,35.1,3.0,2歳未勝利,2016年12月18日,5回阪神6日目,2歳未勝利,芝,1200,右,良,晴,8,阪神
201706050812,ダイメイフジ,ムーア,13,1:09.0,2.9,14-12,1,510,0,牡,3,56.0,34.2,3.0,クリスマスカップ ,2017年12月24日,5回中山8日目,3歳以上1000万下,芝,1200,右,良,晴,5,中山
201707010310,ダイメイフジ,幸英明,9,1:22.8,7.5,4-3,3,526,12,牡,3,56.0,35.4,7.0,なずな賞 ,2017年1月21日,1回中京3日目,3歳500万下,芝,1400,左,良,晴,6,中京
201707030812,ダイメイフジ,幸英明,14,1:22.4,3.2,5-7,6,498,-14,牡,3,54.0,34.9,6.0,3歳以上500万下,2017年7月23日,3回中京8日目,3歳以上500万下,芝,1400,左,良,小,6,中京
201707040312,ダイメイフジ,松山弘平,9,1:21.3,3.6,2-3,1,510,12,牡,3,56.0,34.4,6.0,犬山特別 ,2017年12月9日,4回中京3日目,3歳以上500万下,芝,1400,左,良,晴,6,中京
201708020609,ダイメイフジ,幸英明,3,1:36.3,12.9,6-5,2,520,-6,牡,3,56.0,34.9,7.0,こぶし賞 ,2017年2月12日,2回京都6日目,3歳500万下,芝,1600,右,稍,晴,7,京都
201708030110,ダイメイフジ,幸英明,10,1:21.3,26.6,3-3,2,508,-8,牡,3,56.0,34.8,1.0,橘ステークス ,2017年4月22日,3回京都1日目,3歳オープン,芝,1400,右,良,晴,7,京都
201708031211,ダイメイフジ,幸英明,1,1:33.9,3.8,11-10,2,516,8,牡,3,56.0,33.9,8.0,白藤賞 ,2017年5月28日,3回京都12日目,3歳500万下,芝,1600,右,良,晴,7,京都
201709010407,ダイメイフジ,幸英明,3,1:22.4,4.3,2-2,4,516,-4,牡,3,56.0,35.0,8.0,3歳500万下,2017年3月5日,1回阪神4日目,3歳500万下,芝,1400,右,良,晴,8,阪神
201709030710,ダイメイフジ,幸英明,2,1:20.9,4.4,6-6,2,512,-4,牡,3,54.0,33.6,2.0,出石特別 ,2017年6月24日,3回阪神7日目,3歳以上500万下,芝,1400,右,良,晴,8,阪神
201805020711,ダイメイフジ,松山弘平,13,1:20.8,19.0,13-15,17,512,2,牡,4,56.0,34.0,9.0,第63回京王杯スプリングC(G2),2018年5月12日,2回東京7日目,4歳以上オープン,芝,1400,左,良,晴,4,東京
201806020311,ダイメイフジ,Ｍ．デム,10,1:08.4,5.0,12-12,3,510,-8,牡,4,56.0,33.7,1.0,第13回夕刊フジオーシャンS(G3),2018年3月3日,2回中山3日目,4歳以上オープン,芝,1200,右,良,晴,5,中山
201806050211,ダイメイフジ,北村宏司,4,1:08.1,8.0,5-5,1,508,-10,牡,4,56.0,33.6,4.0,ラピスラズリS ,2018年12月2日,5回中山2日目,3歳以上オープン,芝,1200,右,良,曇,5,中山
201807030211,ダイメイフジ,Ｍ．デム,12,1:07.6,3.7,14-14,11,508,-4,牡,4,56.0,33.3,1.0,第54回CBC賞(G3),2018年7月1日,3回中京2日目,3歳以上オープン,芝,1200,左,良,晴,6,中京
201807030811,ダイメイフジ,酒井学,9,1:33.8,26.3,7-7-9,11,514,6,牡,4,56.0,35.9,11.0,第66回トヨタ賞中京記念(G3),2018年7月22日,3回中京8日目,3歳以上オープン,芝,1600,左,良,晴,6,中京
201808010711,ダイメイフジ,浜中俊,11,1:24.1,3.9,8-8,11,510,0,牡,4,55.0,35.2,2.0,石清水ステークス ,2018年1月21日,1回京都7日目,4歳以上1600万下,芝,1400,右,良,曇,7,京都
201808020409,ダイメイフジ,幸英明,10,1:09.5,4.8,3-3,2,514,4,牡,4,55.0,34.2,3.0,山城ステークス ,2018年2月4日,2回京都4日目,4歳以上1600万下,芝,1200,右,良,晴,7,京都
201808020810,ダイメイフジ,松山弘平,7,1:22.0,4.5,2-1,1,518,4,牡,4,57.0,34.4,3.0,斑鳩ステークス ,2018年2月18日,2回京都8日目,4歳以上1600万下,芝,1400,右,良,晴,7,京都
201808031210,ダイメイフジ,酒井学,2,1:20.7,11.4,10-10,1,512,0,牡,4,55.0,33.0,3.0,安土城ステークス ,2018年5月27日,3回京都12日目,4歳以上オープン,芝,1400,右,良,晴,7,京都
201808050812,ダイメイフジ,秋山真一,11,1:08.7,21.1,7-12,13,518,4,牡,4,56.0,33.8,9.0,第63回京阪杯(G3),2018年11月25日,5回京都8日目,3歳以上オープン,芝,1200,右,良,晴,7,京都
201809050711,ダイメイフジ,酒井学,1,1:21.7,37.9,7-5,4,524,16,牡,4,57.0,34.9,10.0,第13回阪神カップ(G2),2018年12月22日,5回阪神7日目,3歳以上オープン,芝,1400,右,稍,曇,8,阪神
201901010411,ダイメイフジ,松岡正海,1,1:08.1,10.2,4-4,3,524,10,牡,5,56.0,34.2,4.0,UHB賞 ,2019年8月4日,1回札幌4日目,3歳以上オープン,芝,1200,右,良,晴,0,札幌
201901020411,ダイメイフジ,オールプ,12,1:11.0,55.9,4-5,14,524,0,牡,5,56.0,37.4,2.0,第14回キーンランドカップ(G3),2019年8月25日,2回札幌4日目,3歳以上オープン,芝,1200,右,稍,晴,0,札幌
201902010211,ダイメイフジ,松岡正海,7,1:08.7,7.4,3-3,4,514,6,牡,5,56.0,33.8,2.0,第26回函館スプリントS(G3),2019年6月16日,1回函館2日目,3歳以上オープン,芝,1200,右,稍,小,1,函館
201905020711,ダイメイフジ,松岡正海,15,1:19.8,152.2,2-2,10,508,-6,牡,5,56.0,34.1,6.0,第64回京王杯スプリングC(G2),2019年5月11日,2回東京7日目,4歳以上オープン,芝,1400,左,良,晴,4,東京
201905050411,ダイメイフジ,武士沢友,13,1:20.4,35.6,6-8,7,508,-16,牡,5,56.0,34.2,7.0,オーロカップ(L),2019年11月10日,5回東京4日目,3歳以上オープン,芝,1400,左,良,晴,4,東京
201906020311,ダイメイフジ,松岡正海,6,1:07.7,15.6,6-7,3,518,-4,牡,5,56.0,34.4,1.0,第14回夕刊フジオーシャンS(G3),2019年3月2日,2回中山3日目,4歳以上オープン,芝,1200,右,良,晴,5,中山
201907020611,ダイメイフジ,丸山元気,17,1:08.1,129.8,9-12,11,528,10,牡,5,57.0,33.9,7.0,第49回高松宮記念(G1),2019年3月24日,2回中京6日目,4歳以上オープン,芝,1200,左,良,晴,6,中京
201908010511,ダイメイフジ,川田将雅,2,1:09.3,2.9,4-4,7,526,2,牡,5,57.0,34.9,5.0,淀短距離ステークス(L),2019年1月14日,1回京都5日目,4歳以上オープン,芝,1200,右,良,晴,7,京都
201908030611,ダイメイフジ,酒井学,10,1:08.1,7.8,6-6,7,514,-14,牡,5,57.0,33.7,7.0,鞍馬ステークス ,2019年5月5日,3回京都6日目,4歳以上オープン,芝,1200,右,良,晴,7,京都
201908050812,ダイメイフジ,池添謙一,8,1:10.6,17.8,6-3,16,512,4,牡,5,56.0,35.8,5.0,第64回京阪杯(G3),2019年11月24日,5回京都8日目,3歳以上オープン,芝,1200,右,良,曇,7,京都
201909010211,ダイメイフジ,和田竜二,9,1:21.8,18.6,7-6,17,522,-4,牡,5,56.0,35.6,7.0,第63回阪急杯(G3),2019年2月24日,1回阪神2日目,4歳以上オープン,芝,1400,右,良,晴,8,阪神
202001020611,ダイメイフジ,菱田裕二,9,1:11.9,21.4,8-5,7,520,-14,牡,6,56.0,36.5,2.0,第15回キーンランドカップ(G3),2020年8月30日,2回札幌6日目,3歳以上オープン,芝,1200,右,重,小,0,札幌
202002010411,ダイメイフジ,菱田裕二,16,1:07.8,34.4,1-1,2,534,2,牡,6,56.0,34.4,5.0,第27回函館スプリントS(G3),2020年6月21日,1回函館4日目,3歳以上オープン,芝,1200,右,良,晴,1,函館
202005020111,ダイメイフジ,北村宏司,7,1:36.8,7.0,1-1,9,530,2,牡,6,58.0,37.3,4.0,オアシスステークス(L),2020年4月25日,2回東京1日目,4歳以上オープン,ダ,1600,左,良,晴,4,東京
202006040911,ダイメイフジ,菱田裕二,8,1:09.7,156.2,11-11,14,506,-14,牡,6,57.0,35.4,6.0,第54回スプリンターズS(G1),2020年10月4日,4回中山9日目,3歳以上オープン,芝,1200,右,良,曇,5,中山
202006050411,ダイメイフジ,横山和生,7,1:10.2,94.9,11-10,4,506,0,牡,6,56.0,35.5,1.0,第13回カペラステークス(G3),2020年12月13日,5回中山4日目,3歳以上オープン,ダ,1200,右,良,曇,5,中山
202007010711,ダイメイフジ,菱田裕二,1,1:23.1,28.9,1-1,1,528,-2,牡,6,58.0,35.5,2.0,名鉄杯 ,2020年3月28日,1回中京7日目,4歳以上オープン,ダ,1400,左,稍,曇,6,中京
202008020811,ダイメイフジ,高倉稜,14,1:10.7,38.0,8-9,10,530,18,牡,6,56.0,36.0,8.0,大和ステークス ,2020年2月23日,2回京都8日目,4歳以上オープン,ダ,1200,右,重,晴,7,京都
202008030811,ダイメイフジ,秋山真一,4,1:23.2,8.3,2-2,14,532,2,牡,6,57.0,38.0,4.0,栗東ステークス(L),2020年5月17日,3回京都8日目,4歳以上オープン,ダ,1400,右,重,晴,7,京都
202009060811,ダイメイフジ,松若風馬,3,1:26.4,9.1,7-8,16,518,12,牡,6,57.0,38.7,,ギャラクシーS ,2020年12月27日,6回阪神8日目,3歳以上オープン,ダ,1400,右,良,晴,8,阪神
202104050811,ダイメイフジ,富田暁,12,0:55.4,22.2,10,5,520,-10,牡,7,57.0,32.7,7.0,ルミエールオータムD(L),2021年10月31日,5回新潟8日目,3歳以上オープン,芝,1000,直,良,晴,3,新潟
202105010211,ダイメイフジ,柴田大知,4,1:24.0,151.1,6-7,14,524,0,牡,7,56.0,37.1,16.0,第35回根岸ステークス(G3),2021年1月31日,1回東京2日目,4歳以上オープン,ダ,1400,左,稍,晴,4,東京
202106010511,ダイメイフジ,田辺裕信,9,1:09.3,16.8,6-5,2,524,6,牡,7,57.0,34.1,6.0,カーバンクルS ,2021年1月16日,1回中山5日目,4歳以上オープン,芝,1200,右,良,晴,5,中山
202106020311,ダイメイフジ,田辺裕信,15,1:08.8,22.4,5-4,6,522,-2,牡,7,56.0,34.5,8.0,第16回夕刊フジオーシャンS(G3),2021年3月6日,2回中山3日目,4歳以上オープン,芝,1200,右,稍,晴,5,中山
202106050211,ダイメイフジ,秋山稔樹,8,1:08.4,15.1,11-10,10,530,10,牡,7,58.0,34.1,7.0,ラピスラズリS(L),2021年12月5日,5回中山2日目,3歳以上オープン,芝,1200,右,良,晴,5,中山
202107020611,ダイメイフジ,菱田裕二,5,1:09.8,164.2,15-15,11,532,10,牡,7,57.0,34.6,18.0,第51回高松宮記念(G1),2021年3月28日,2回中京6日目,4歳以上オープン,芝,1200,左,重,雨,6,中京
202109040111,ダイメイフジ,藤懸貴志,6,1:09.6,25.6,2-2,16,530,-2,牡,7,57.0,35.2,10.0,夕刊フジ杯オパールS(L),2021年10月9日,4回阪神1日目,3歳以上オープン,芝,1200,右,良,晴,8,阪神
202109060711,ダイメイフジ,菱田裕二,14,1:21.2,346.1,4-3,10,528,-2,牡,7,57.0,35.5,18.0,第16回阪神カップ(G2),2021年12月25日,6回阪神7日目,3歳以上オープン,芝,1400,右,良,曇,8,阪神
202202010211,ダイメイフジ,菱田裕二,15,1:07.8,297.1,13-13,8,532,4,牡,8,57.0,33.8,15.0,第29回函館スプリントS(G3),2022年6月12日,1回函館2日目,3歳以上オープン,芝,1200,右,良,晴,1,函館
202202010511,ダイメイフジ,池添謙一,5,1:09.2,45.4,12-13,5,528,-4,牡,8,58.0,33.9,13.0,青函ステークス ,2022年6月25日,1回函館5日目,3歳以上オープン,芝,1200,右,良,晴,1,函館
202204010611,ダイメイフジ,菱田裕二,10,0:55.3,43.8,15,9,528,-2,牡,8,57.0,32.2,12.0,韋駄天ステークス ,2022年5月22日,1回新潟6日目,4歳以上オープン,芝,1000,直,良,晴,3,新潟
202204040611,ダイメイフジ,秋山稔樹,15,0:55.8,51.8,15,7,524,-2,牡,8,57.0,32.3,14.0,ルミエールオータムD(L),2022年10月30日,4回新潟6日目,3歳以上オープン,芝,1000,直,稍,曇,3,新潟
202206010511,ダイメイフジ,菅原明良,16,1:09.4,30.9,2-2,8,532,4,牡,8,57.0,36.2,9.0,カーバンクルS ,2022年1月15日,1回中山5日目,4歳以上オープン,芝,1200,右,良,晴,5,中山
202206020311,ダイメイフジ,田辺裕信,4,1:08.5,118.8,11-10,8,528,-8,牡,8,56.0,34.2,12.0,第17回夕刊フジオーシャンS(G3),2022年3月5日,2回中山3日目,4歳以上オープン,芝,1200,右,良,晴,5,中山
202206050211,ダイメイフジ,津村明秀,8,1:08.6,123.7,14-14,12,526,2,牡,8,58.0,33.9,15.0,ラピスラズリS(L),2022年12月4日,5回中山2日目,3歳以上オープン,芝,1200,右,良,曇,5,中山
202207020611,ダイメイフジ,小沢大仁,16,1:09.4,389.8,12-11,18,530,2,牡,8,57.0,35.1,18.0,第52回高松宮記念(G1),2022年3月27日,2回中京6日目,4歳以上オープン,芝,1200,左,重,晴,6,中京
202209040211,ダイメイフジ,菱田裕二,15,1:09.7,95.7,15-14,8,526,-2,牡,8,57.0,34.6,15.0,夕刊フジ杯オパールS(L),2022年10月9日,4回阪神2日目,3歳以上オープン,芝,1200,右,稍,雨,8,阪神
202209050812,ダイメイフジ,西村淳也,15,1:08.8,206.6,6-7,15,524,0,牡,8,57.0,34.5,16.0,第67回京阪杯(G3),2022年11月27日,5回阪神8日目,3歳以上オープン,芝,1200,右,良,晴,8,阪神
202209060711,ダイメイフジ,菱田裕二,2,1:20.4,368.2,13-13,5,532,6,牡,8,57.0,34.8,18.0,第17回阪神カップ(G2),2022年12月24日,6回阪神7日目,3歳以上オープン,芝,1400,右,良,晴,8,阪神
202210020211,ダイメイフジ,菱田裕二,15,1:09.5,39.5,12-14,15,536,4,牡,8,58.0,35.1,13.0,北九州短距離S ,2022年2月13日,2回小倉2日目,4歳以上オープン,芝,1200,右,稍,曇,9,小倉
202303010211,ダイメイフジ,柴山雄一,14,1:10.1,47.6,14-12,12,526,-6,牡,9,59.0,34.8,14.0,モルガナイトS ,2023年4月9日,1回福島2日目,4歳以上オープン,芝,1200,右,良,晴,2,福島
202308010211,ダイメイフジ,池添謙一,6,1:33.1,159.3,2-3,15,528,2,牡,9,57.0,35.3,12.0,第54回読売マイラーズカップ(G2),2023年4月23日,1回京都2日目,4歳以上オープン,芝,1600,右,良,晴,7,京都
202009060704,サトノラムセス,池添謙一,2,1:48.3,3.1,2-1,2,474,0,牡,2,55.0,34.2,2.0,2歳新馬,2020年12月26日,6回阪神7日目,2歳新馬,芝,1800,右,良,晴,8,阪神
202107010605,サトノラムセス,池添謙一,1,2:02.4,2.1,2-2-2-2,5,468,-6,牡,3,56.0,36.0,1.0,3歳未勝利,2021年1月17日,1回中京6日目,3歳未勝利,芝,2000,左,良,曇,6,中京
202109010205,サトノラムセス,岩田康誠,10,1:34.1,4.2,2-2,2,466,-2,牡,3,56.0,34.1,2.0,3歳未勝利,2021年2月14日,1回阪神2日目,3歳未勝利,芝,1600,右,良,晴,8,阪神
202109011005,サトノラムセス,岩田康誠,9,1:34.2,3.1,14-14,1,462,-4,牡,3,56.0,34.2,1.0,3歳未勝利,2021年3月14日,1回阪神10日目,3歳未勝利,芝,1600,右,稍,晴,8,阪神
202109020711,サトノラムセス,岩田康誠,13,1:34.9,32.4,18-18,7,460,-2,牡,3,56.0,34.0,9.0,第30回アーリントンカップ(G3),2021年4月17日,2回阪神7日目,3歳オープン,芝,1600,右,重,雨,8,阪神
202109030208,サトノラムセス,松山弘平,1,1:34.7,3.9,7-6,2,464,4,牡,3,54.0,35.3,2.0,3歳以上1勝クラス,2021年6月20日,3回阪神2日目,3歳以上1勝クラス,芝,1600,右,稍,晴,8,阪神
202109060808,サトノラムセス,鮫島克駿,6,1:34.7,4.1,10-10,1,466,2,牡,3,56.0,34.1,1.0,3歳以上1勝クラス,2021年12月26日,6回阪神8日目,3歳以上1勝クラス,芝,1600,右,良,晴,8,阪神
202209010412,サトノラムセス,鮫島克駿,7,1:34.6,2.4,9-10,1,470,4,牡,4,57.0,33.9,1.0,4歳以上2勝クラス,2022年2月20日,1回阪神4日目,4歳以上2勝クラス,芝,1600,右,稍,晴,8,阪神
202209020810,サトノラムセス,鮫島克駿,9,1:34.0,3.1,8-10,11,468,-2,牡,4,55.0,33.7,1.0,ストークステークス ,2022年4月17日,2回阪神8日目,4歳以上3勝クラス,芝,1600,右,良,晴,8,阪神
202209030110,サトノラムセス,鮫島克駿,10,1:47.2,17.6,6-8,6,468,0,牡,4,55.0,34.1,7.0,垂水ステークス ,2022年6月18日,3回阪神1日目,3歳以上3勝クラス,芝,1800,右,良,晴,8,阪神
202209040710,サトノラムセス,鮫島克駿,10,1:33.4,24.0,2-2,7,478,10,牡,4,57.0,34.8,6.0,元町ステークス ,2022年10月23日,4回阪神7日目,3歳以上3勝クラス,芝,1600,右,良,晴,8,阪神
202209060610,サトノラムセス,鮫島克駿,13,1:21.1,36.7,13-10,8,480,2,牡,4,57.0,35.2,10.0,六甲アイランドS ,2022年12月18日,6回阪神6日目,3歳以上3勝クラス,芝,1400,右,良,晴,8,阪神
202304030610,サトノラムセス,北村友一,3,1:22.4,51.0,14-14,14,486,-2,牡,5,57.0,34.3,11.0,朱鷺ステークス(L),2023年8月27日,3回新潟6日目,3歳以上オープン,芝,1400,左,良,晴,3,新潟
202305030811,サトノラムセス,荻野極,10,1:21.9,23.5,3-4,13,488,6,牡,5,55.0,34.4,10.0,パラダイスステークス(L),2023年6月25日,3回東京8日目,3歳以上オープン,芝,1400,左,良,晴,4,東京
202307010310,サトノラムセス,ムルザバ,9,1:20.1,19.8,8-9,2,480,0,牡,5,58.0,34.0,9.0,新春ステークス ,2023年1月8日,1回中京3日目,4歳以上3勝クラス,芝,1400,左,良,晴,6,中京
202307011109,サトノラムセス,川田将雅,2,1:19.8,2.0,7-6,1,486,6,牡,5,58.0,34.1,1.0,トリトンステークス ,2023年2月4日,1回中京11日目,4歳以上3勝クラス,芝,1400,左,良,晴,6,中京
202308010611,サトノラムセス,松若風馬,6,1:10.4,16.6,18-17,7,480,-6,牡,5,57.0,34.6,8.0,鞍馬ステークス ,2023年5月7日,1回京都6日目,4歳以上オープン,芝,1200,右,不,雨,7,京都
202308011210,サトノラムセス,松若風馬,9,1:20.3,13.0,18-18,10,482,2,牡,5,55.0,32.7,5.0,安土城ステークス(L),2023年5月28日,1回京都12日目,4歳以上オープン,芝,1400,右,良,晴,7,京都
202309010611,サトノラムセス,池添謙一,3,1:20.2,16.7,7-7,9,486,0,牡,5,57.0,34.2,5.0,第67回阪急杯(G3),2023年2月26日,1回阪神6日目,4歳以上オープン,芝,1400,右,良,曇,8,阪神
201905040904,ボンボヤージ,武豊,7,1:24.3,7.3,13-13,9,418,0,牝,2,54.0,34.1,8.0,2歳新馬,2019年10月27日,4回東京9日目,2歳新馬,芝,1400,左,良,曇,4,東京
201908050503,ボンボヤージ,岩田望来,16,1:10.1,17.4,16-16,1,420,2,牝,2,52.0,33.7,2.0,2歳未勝利,2019年11月16日,5回京都5日目,2歳未勝利,芝,1200,右,良,晴,7,京都
201909050411,ボンボヤージ,岩田望来,5,1:35.3,218.4,5-4,10,418,-2,牝,2,54.0,37.5,4.0,第71回阪神ジュベナイルF(G1),2019年12月8日,5回阪神4日目,2歳オープン,芝,1600,右,良,曇,8,阪神
202003020510,ボンボヤージ,北村宏司,9,1:09.2,5.7,11-8,4,430,2,牝,3,52.0,34.6,3.0,鶴ヶ城特別 ,2020年7月18日,2回福島5日目,3歳以上2勝クラス,芝,1200,右,稍,曇,2,福島
202008030405,ボンボヤージ,岩田望来,12,1:21.7,24.4,17-18,5,424,-2,牝,3,53.0,33.1,4.0,3歳1勝クラス,2020年5月3日,3回京都4日目,3歳1勝クラス,芝,1400,右,良,曇,7,京都
202008031206,ボンボヤージ,川須栄彦,9,1:09.4,6.4,6-4,1,422,-2,牝,3,54.0,34.9,2.0,3歳1勝クラス,2020年5月31日,3回京都12日目,3歳1勝クラス,芝,1200,右,良,曇,7,京都
202009020207,ボンボヤージ,浜中俊,3,,9.4,12-14,14,426,8,牝,3,54.0,,,3歳1勝クラス,2020年3月29日,2回阪神2日目,3歳1勝クラス,芝,1400,右,稍,晴,8,阪神
202009030809,ボンボヤージ,川須栄彦,12,1:22.3,9.7,7-7,7,428,6,牝,3,52.0,34.9,3.0,舞子特別 ,2020年6月28日,3回阪神8日目,3歳以上2勝クラス,芝,1400,右,良,晴,8,阪神
202106050211,ボンボヤージ,田中勝春,14,1:08.4,19.4,3-3,11,444,0,牝,4,54.0,34.7,9.0,ラピスラズリS(L),2021年12月5日,5回中山2日目,3歳以上オープン,芝,1200,右,良,晴,5,中山
202107050211,ボンボヤージ,川須栄彦,1,1:08.1,107.5,14-15,12,444,-2,牝,4,54.0,33.1,12.0,第35回産経賞セントウルS(G2),2021年9月12日,5回中京2日目,3歳以上オープン,芝,1200,左,良,曇,6,中京
202109020410,ボンボヤージ,川須栄彦,16,1:10.8,12.0,9-7,12,436,-8,牝,4,53.0,35.8,8.0,淀屋橋ステークス ,2021年4月4日,2回阪神4日目,4歳以上3勝クラス,芝,1200,右,稍,雨,8,阪神
202110010511,ボンボヤージ,川須栄彦,2,1:08.3,7.6,4-4,2,446,16,牝,4,54.0,34.8,3.0,周防灘特別 ,2021年1月30日,1回小倉5日目,4歳以上2勝クラス,芝,1200,右,良,晴,9,小倉
202110020312,ボンボヤージ,川須栄彦,10,1:08.0,3.0,7-6,1,444,-2,牝,4,55.0,34.0,1.0,紫川特別 ,2021年2月20日,2回小倉3日目,4歳以上2勝クラス,芝,1200,右,良,晴,9,小倉
202110030311,ボンボヤージ,川須栄彦,7,1:06.9,5.0,2-2,1,446,10,牝,4,55.0,33.8,3.0,マレーシアカップ ,2021年7月10日,3回小倉3日目,3歳以上3勝クラス,芝,1200,右,良,晴,9,小倉
202110040411,ボンボヤージ,岩田望来,18,1:08.7,10.5,6-6,10,446,0,牝,4,52.0,34.8,7.0,第56回TV西日本北九州記念(G3),2021年8月22日,4回小倉4日目,3歳以上オープン,芝,1200,右,稍,雨,9,小倉
202203020611,ボンボヤージ,石橋脩,16,1:10.1,33.0,16-16,13,430,-6,牝,5,54.0,33.9,11.0,福島テレビオープン ,2022年7月17日,2回福島6日目,3歳以上オープン,芝,1200,右,良,曇,2,福島
202205030811,ボンボヤージ,永野猛蔵,16,1:21.1,121.4,12-12,10,436,-8,牝,5,52.0,33.7,15.0,パラダイスステークス(L),2022年6月26日,3回東京8日目,3歳以上オープン,芝,1400,左,良,晴,4,東京
202206020311,ボンボヤージ,吉田豊,6,1:08.6,139.2,13-13,11,444,-6,牝,5,54.0,34.1,13.0,第17回夕刊フジオーシャンS(G3),2022年3月5日,2回中山3日目,4歳以上オープン,芝,1200,右,良,晴,5,中山
202207050211,ボンボヤージ,川須栄彦,1,1:07.5,25.9,3-3,10,442,4,牝,5,54.0,34.6,7.0,第36回産経賞セントウルS(G2),2022年9月11日,5回中京2日目,3歳以上オープン,芝,1200,左,良,晴,6,中京
202210020211,ボンボヤージ,川須栄彦,17,1:09.2,24.9,4-6,8,450,6,牝,5,54.0,35.3,12.0,北九州短距離S ,2022年2月13日,2回小倉2日目,4歳以上オープン,芝,1200,右,稍,曇,9,小倉
202210040411,ボンボヤージ,川須栄彦,1,1:06.9,164.3,7-5,1,438,8,牝,5,51.0,33.5,16.0,第57回TV西日本北九州記念(G3),2022年8月21日,4回小倉4日目,3歳以上オープン,芝,1200,右,良,晴,9,小倉
202307020611,ボンボヤージ,川須栄彦,17,1:13.6,255.8,17-17,18,436,-10,牝,6,56.0,36.7,17.0,第53回高松宮記念(G1),2023年3月26日,2回中京6日目,4歳以上オープン,芝,1200,左,不,小,6,中京
202308020211,ボンボヤージ,川須栄彦,14,1:09.3,11.9,6-9,16,454,6,牝,6,55.0,35.1,6.0,夕刊フジ杯オパールS(L),2023年10月8日,2回京都2日目,3歳以上オープン,芝,1200,右,良,小,7,京都
202309010311,ボンボヤージ,川須栄彦,9,1:21.2,161.7,13-12,12,446,4,牝,6,56.0,33.9,17.0,第58回京都牝馬ステークス(G3),2023年2月18日,1回阪神3日目,4歳以上オープン,芝,1400,右,良,曇,8,阪神
202309040211,ボンボヤージ,川須栄彦,9,1:07.5,106.2,7-7,4,448,0,牝,6,55.0,33.2,13.0,第37回産経賞セントウルS(G2),2023年9月10日,4回阪神2日目,3歳以上オープン,芝,1200,右,良,曇,8,阪神
202310030411,ボンボヤージ,川須栄彦,2,1:07.6,32.3,8-8,5,448,12,牝,6,54.0,33.9,11.0,第58回TV西日本北九州記念(G3),2023年8月20日,3回小倉4日目,3歳以上オープン,芝,1200,右,良,晴,9,小倉
202008020206,キャプテンドレイク,松山弘平,10,2:06.1,21.8,2-2-2-2,4,486,0,牡,3,56.0,36.4,2.0,3歳新馬,2020年2月2日,2回京都2日目,3歳新馬,芝,2000,右,良,晴,7,京都
202008020505,キャプテンドレイク,松山弘平,5,2:03.8,16.0,7-7-7-7,3,482,-4,牡,3,56.0,36.7,6.0,3歳未勝利,2020年2月15日,2回京都5日目,3歳未勝利,芝,2000,右,稍,曇,7,京都
202009010305,キャプテンドレイク,松山弘平,3,2:00.7,7.1,2-2-2-2,2,480,-2,牡,3,56.0,35.5,2.0,3歳未勝利,2020年3月7日,1回阪神3日目,3歳未勝利,芝,2000,右,良,晴,8,阪神
202010020504,キャプテンドレイク,松山弘平,7,1:49.6,5.3,1-1-2-3,15,486,6,牡,3,56.0,38.2,5.0,3歳未勝利,2020年8月29日,2回小倉5日目,3歳未勝利,芝,1800,右,良,晴,9,小倉
202105030109,キャプテンドレイク,三浦皇成,4,2:26.8,8.8,2-3-7-8,5,480,-19,牡,4,57.0,34.9,6.0,稲城特別 ,2021年6月5日,3回東京1日目,3歳以上1勝クラス,芝,2400,左,良,曇,4,東京
202107050309,キャプテンドレイク,松若風馬,11,2:14.9,63.4,2-2-2-2,10,476,-2,牡,4,57.0,37.5,10.0,金山特別 ,2021年9月18日,5回中京3日目,3歳以上1勝クラス,芝,2200,左,重,曇,6,中京
202107060107,キャプテンドレイク,川須栄彦,2,1:21.4,49.9,5-3,4,488,6,牡,4,57.0,35.7,12.0,3歳以上1勝クラス,2021年12月4日,6回中京1日目,3歳以上1勝クラス,芝,1400,左,良,曇,6,中京
202107060507,キャプテンドレイク,藤岡康太,11,1:22.1,9.5,11-11,7,486,-2,牡,4,57.0,35.1,5.0,3歳以上1勝クラス,2021年12月18日,6回中京5日目,3歳以上1勝クラス,芝,1400,左,稍,晴,6,中京
202109040107,キャプテンドレイク,松若風馬,15,1:26.0,65.1,2-3,12,482,6,牡,4,57.0,38.6,12.0,3歳以上1勝クラス,2021年10月9日,4回阪神1日目,3歳以上1勝クラス,ダ,1400,右,良,晴,8,阪神
202110030409,キャプテンドレイク,松山弘平,7,2:39.3,3.9,3-5-6-6,7,478,-2,牡,4,57.0,34.9,2.0,タイランドカップ ,2021年7月11日,3回小倉4日目,3歳以上1勝クラス,芝,2600,右,良,曇,9,小倉
202202010211,キャプテンドレイク,藤岡康太,2,1:07.7,87.6,12-11,5,482,-6,牡,5,56.0,34.0,12.0,第29回函館スプリントS(G3),2022年6月12日,1回函館2日目,3歳以上オープン,芝,1200,右,良,晴,1,函館
202207030211,キャプテンドレイク,藤岡康太,3,1:07.7,6.9,12-11,7,488,-2,牡,5,56.0,33.2,4.0,鞍馬ステークス ,2022年5月8日,3回中京2日目,4歳以上オープン,芝,1200,左,良,晴,6,中京
202209011110,キャプテンドレイク,藤岡康太,9,1:08.3,6.9,6-6,1,490,4,牡,5,57.0,33.5,3.0,淀屋橋ステークス ,2022年3月19日,1回阪神11日目,4歳以上3勝クラス,芝,1200,右,稍,小,8,阪神
202209040811,キャプテンドレイク,藤岡康太,13,1:20.9,175.7,9-8,12,498,12,牡,5,56.0,35.0,16.0,第65回MBS賞スワンS(G2),2022年10月29日,4回阪神8日目,3歳以上オープン,芝,1400,右,良,晴,8,阪神
202209060511,キャプテンドレイク,和田竜二,15,1:08.6,42.5,15-14,7,492,-6,牡,5,55.0,33.6,11.0,タンザナイトS ,2022年12月17日,6回阪神5日目,3歳以上オープン,芝,1200,右,稍,小,8,阪神
202210010112,キャプテンドレイク,藤岡康太,16,1:08.1,8.1,6-3,1,486,0,牡,5,57.0,34.3,4.0,4歳以上1勝クラス,2022年1月15日,1回小倉1日目,4歳以上1勝クラス,芝,1200,右,良,晴,9,小倉
202210010511,キャプテンドレイク,藤岡康太,15,1:08.8,4.2,8-8,1,486,0,牡,5,57.0,33.6,1.0,周防灘特別 ,2022年1月29日,1回小倉5日目,4歳以上2勝クラス,芝,1200,右,良,晴,9,小倉
202210040411,キャプテンドレイク,藤岡康太,18,1:07.7,19.6,13-13,11,486,4,牡,5,55.0,33.9,5.0,第57回TV西日本北九州記念(G3),2022年8月21日,4回小倉4日目,3歳以上オープン,芝,1200,右,良,晴,9,小倉
202301020211,キャプテンドレイク,鮫島克駿,12,1:09.1,28.5,3-3,10,484,-2,牡,6,57.0,34.4,9.0,UHB賞 ,2023年8月13日,2回札幌2日目,3歳以上オープン,芝,1200,右,良,曇,0,札幌
202303010211,キャプテンドレイク,藤岡康太,1,1:09.8,8.1,4-3,5,484,2,牡,6,57.0,35.2,5.0,モルガナイトS ,2023年4月9日,1回福島2日目,4歳以上オープン,芝,1200,右,良,晴,2,福島
202303030211,キャプテンドレイク,荻野極,15,1:10.1,36.6,12-12,8,480,-4,牡,6,57.0,35.4,13.0,みちのくステークス ,2023年11月5日,3回福島2日目,3歳以上オープン,芝,1200,右,良,曇,2,福島
202307010411,キャプテンドレイク,和田竜二,10,1:08.0,21.9,12-12,10,490,-2,牡,6,57.0,33.1,6.0,淀短距離ステークス(L),2023年1月9日,1回中京4日目,4歳以上オープン,芝,1200,左,良,晴,6,中京
202308010611,キャプテンドレイク,藤岡康太,1,1:10.4,40.8,13-13,5,486,2,牡,6,57.0,35.0,12.0,鞍馬ステークス ,2023年5月7日,1回京都6日目,4歳以上オープン,芝,1200,右,不,雨,7,京都
202309050511,キャプテンドレイク,松山弘平,14,1:09.0,29.4,16-16,7,496,16,牡,6,56.0,33.7,11.0,タンザナイトS ,2023年12月16日,5回阪神5日目,3歳以上オープン,芝,1200,右,稍,曇,8,阪神
202310020211,キャプテンドレイク,藤岡康太,12,1:08.2,12.0,11-16,2,482,-8,牡,6,57.0,34.4,8.0,北九州短距離S ,2023年2月12日,2回小倉2日目,4歳以上オープン,芝,1200,右,稍,晴,9,小倉
202101020409,カワキタレブリー,加藤祥太,1,1:29.7,13.2,6-6-3,3,420,2,牡,2,54.0,35.2,5.0,クローバー賞 ,2021年8月22日,2回札幌4日目,2歳オープン,芝,1500,右,良,曇,0,札幌
202102010105,カワキタレブリー,加藤祥太,6,1:10.7,4.9,3-3,1,422,0,牡,2,54.0,35.5,2.0,2歳新馬,2021年7月3日,1回函館1日目,2歳新馬,芝,1200,右,良,晴,1,函館
202102010511,カワキタレブリー,加藤祥太,5,1:10.4,39.9,8-9,5,418,-4,牡,2,54.0,35.4,9.0,第53回函館2歳ステークス(G3),2021年7月17日,1回函館5日目,2歳オープン,芝,1200,右,良,晴,1,函館
202109040409,カワキタレブリー,戸崎圭太,3,1:24.1,14.2,5-5,5,432,12,牡,2,55.0,35.4,6.0,もみじステークス ,2021年10月17日,4回阪神4日目,2歳オープン,芝,1400,右,良,晴,8,阪神
202109050311,カワキタレブリー,松山弘平,5,1:35.4,111.2,5-6,3,430,-2,牡,2,55.0,33.5,7.0,第56回デイリー杯2歳S(G2),2021年11月13日,5回阪神3日目,2歳オープン,芝,1600,右,良,晴,8,阪神
202204030609,カワキタレブリー,菅原明良,5,1:36.0,3.7,4-5,4,440,20,牡,3,54.0,32.8,2.0,五頭連峰特別 ,2022年8月28日,3回新潟6日目,3歳以上2勝クラス,芝,1600,左,良,晴,3,新潟
202205020611,カワキタレブリー,菅原明良,10,1:32.4,229.1,15-14,3,420,-12,牡,3,57.0,33.8,18.0,第27回NHKマイルカップ(G1),2022年5月8日,2回東京6日目,3歳オープン,芝,1600,左,良,曇,4,東京
202205040909,カワキタレブリー,菅原明良,5,1:33.3,3.3,10-10,5,438,-2,牡,3,55.0,33.8,1.0,Lトレーナーカップ ,2022年10月30日,4回東京9日目,3歳以上2勝クラス,芝,1600,左,良,晴,4,東京
202205050612,カワキタレブリー,田辺裕信,8,1:21.3,3.7,12-11,2,434,-4,牡,3,56.0,33.3,1.0,3歳以上2勝クラス,2022年11月20日,5回東京6日目,3歳以上2勝クラス,芝,1400,左,良,小,4,東京
202207010311,カワキタレブリー,松山弘平,6,1:35.0,27.9,11-12-13,8,432,2,牡,3,56.0,35.0,7.0,第56回日刊スポシンザン記念(G3),2022年1月9日,1回中京3日目,3歳オープン,芝,1600,左,良,晴,6,中京
202207010909,カワキタレブリー,松山弘平,9,1:36.0,11.2,2-2-2,1,432,0,牡,3,56.0,34.4,5.0,白梅賞 ,2022年1月29日,1回中京9日目,3歳1勝クラス,芝,1600,左,良,曇,6,中京
202209020711,カワキタレブリー,藤岡康太,18,1:33.7,61.1,3-3,11,432,0,牡,3,56.0,35.1,12.0,第31回アーリントンカップ(G3),2022年4月16日,2回阪神7日目,3歳オープン,芝,1600,右,良,晴,8,阪神
202304030211,カワキタレブリー,菱田裕二,10,1:33.5,28.8,9-9,16,442,12,牡,4,57.0,34.1,11.0,第58回関屋記念(G3),2023年8月13日,3回新潟2日目,3歳以上オープン,芝,1600,左,良,晴,3,新潟
202305020609,カワキタレブリー,松山弘平,13,1:33.6,9.9,8-9,1,442,-2,牡,4,58.0,34.1,3.0,湘南ステークス ,2023年5月7日,2回東京6日目,4歳以上3勝クラス,芝,1600,左,良,雨,4,東京
202305030411,カワキタレブリー,松山弘平,4,1:46.3,24.9,8-9-10,13,430,-12,牡,4,57.0,35.2,8.0,第40回エプソムカップ(G3),2023年6月11日,3回東京4日目,3歳以上オープン,芝,1800,左,稍,曇,4,東京
202305050711,カワキタレブリー,西村淳也,4,1:34.6,17.4,3-3,10,436,-6,牡,4,57.0,34.1,5.0,キャピタルステークス(L),2023年11月25日,5回東京7日目,3歳以上オープン,芝,1600,左,良,晴,4,東京
202307010112,カワキタレブリー,松山弘平,4,1:34.1,2.9,3-4-4,1,446,12,牡,4,57.0,34.1,1.0,4歳以上2勝クラス,2023年1月5日,1回中京1日目,4歳以上2勝クラス,芝,1600,左,良,晴,6,中京
202307010810,カワキタレブリー,松山弘平,8,1:34.0,3.6,4-4-4,3,444,-2,牡,4,57.0,34.4,2.0,長篠ステークス ,2023年1月22日,1回中京8日目,4歳以上3勝クラス,芝,1600,左,良,晴,6,中京
202309010410,カワキタレブリー,松山弘平,11,1:35.1,6.9,6-7,8,444,0,牡,4,58.0,34.8,5.0,武庫川ステークス ,2023年2月19日,1回阪神4日目,4歳以上3勝クラス,芝,1600,右,稍,曇,8,阪神
202103020607,ゾンニッヒ,松本大輝,13,2:02.2,5.7,3-3-3-2,5,472,8,牡,3,52.0,36.4,3.0,3歳以上1勝クラス,2021年11月21日,2回福島6日目,3歳以上1勝クラス,芝,2000,右,良,晴,2,福島
202104030104,ゾンニッヒ,荻野極,11,1:55.1,20.0,6-7-6-6,8,474,2,牡,3,56.0,39.9,8.0,3歳未勝利,2021年7月24日,3回新潟1日目,3歳未勝利,ダ,1800,左,良,晴,3,新潟
202107030502,ゾンニッヒ,荻野極,8,1:12.9,6.7,8-8,12,472,0,牡,3,56.0,37.0,3.0,3歳未勝利,2021年5月22日,3回中京5日目,3歳未勝利,ダ,1200,左,不,曇,6,中京
202107060112,ゾンニッヒ,荻野極,3,2:01.2,10.8,3-3-3-3,4,466,-6,牡,3,56.0,35.6,5.0,栄特別 ,2021年12月4日,6回中京1日目,3歳以上1勝クラス,芝,2000,左,良,曇,6,中京
202109021002,ゾンニッヒ,荻野極,15,1:26.6,31.2,10-8,6,472,0,牡,3,56.0,38.2,7.0,3歳未勝利,2021年4月25日,2回阪神10日目,3歳未勝利,ダ,1400,右,良,晴,8,阪神
202110040704,ゾンニッヒ,松本大輝,8,2:01.0,28.1,3-3-2-2,1,464,-10,牡,3,53.0,35.3,8.0,3歳未勝利,2021年9月4日,4回小倉7日目,3歳未勝利,芝,2000,右,重,曇,9,小倉
202205050510,ゾンニッヒ,川田将雅,3,1:32.2,10.5,6-6,5,460,-4,牡,4,57.0,33.6,4.0,秋色ステークス ,2022年11月19日,5回東京5日目,3歳以上3勝クラス,芝,1600,左,良,晴,4,東京
202206030609,ゾンニッヒ,菅原明良,11,1:59.2,3.7,6-6-5-2,1,460,-6,牡,4,57.0,34.2,3.0,鹿野山特別 ,2022年4月10日,3回中山6日目,4歳以上2勝クラス,芝,2000,右,良,晴,5,中山
202206040811,ゾンニッヒ,菅原明良,11,1:33.4,10.2,7-8-9,2,464,4,牡,4,55.0,35.2,5.0,秋風ステークス ,2022年10月1日,4回中山8日目,3歳以上3勝クラス,芝,1600,右,良,晴,5,中山
202207020110,ゾンニッヒ,吉田隼人,12,1:59.4,4.0,3-3-3-3,3,466,-6,牡,4,57.0,35.4,2.0,恋路ケ浜特別 ,2022年3月12日,2回中京1日目,4歳以上2勝クラス,芝,2000,左,良,晴,6,中京
202209040710,ゾンニッヒ,川田将雅,2,1:32.6,2.5,3-4,2,464,0,牡,4,57.0,33.9,1.0,元町ステークス ,2022年10月23日,4回阪神7日目,3歳以上3勝クラス,芝,1600,右,良,晴,8,阪神
202210020408,ゾンニッヒ,松本大輝,8,2:03.2,2.8,5-6-8-6,1,472,6,牡,4,53.0,35.9,1.0,4歳以上1勝クラス,2022年2月20日,2回小倉4日目,4歳以上1勝クラス,芝,2000,右,稍,晴,9,小倉
202210030611,ゾンニッヒ,川田将雅,8,1:58.3,2.2,4-4-3-2,9,460,0,牡,4,57.0,36.0,1.0,博多ステークス ,2022年7月17日,3回小倉6日目,3歳以上3勝クラス,芝,2000,右,良,晴,9,小倉
202301020611,ゾンニッヒ,武豊,10,1:10.9,7.0,8-8,8,468,2,牡,5,57.0,36.1,3.0,第18回キーンランドカップ(G3),2023年8月27日,2回札幌6日目,3歳以上オープン,芝,1200,右,重,曇,0,札幌
202302010511,ゾンニッヒ,武豊,15,1:09.3,3.4,6-5,1,466,-4,牡,5,57.0,34.1,2.0,青函ステークス ,2023年6月24日,1回函館5日目,3歳以上オープン,芝,1200,右,稍,曇,1,函館
202305020711,ゾンニッヒ,レーン,4,1:20.6,7.3,7-8,6,470,-2,牡,5,57.0,33.2,3.0,第68回京王杯スプリングC(G2),2023年5月13日,2回東京7日目,4歳以上オープン,芝,1400,左,良,小,4,東京
202306010310,ゾンニッヒ,菅原明良,10,1:32.7,3.4,6-6-5,1,476,16,牡,5,57.0,33.8,1.0,若潮ステークス ,2023年1月8日,1回中山3日目,4歳以上3勝クラス,芝,1600,右,良,晴,5,中山
202306020610,ゾンニッヒ,菅原明良,5,1:33.1,2.2,5-5-5,2,472,-4,牡,5,57.0,33.4,1.0,東風ステークス(L),2023年3月12日,2回中山6日目,4歳以上オープン,芝,1600,右,良,曇,5,中山
202306030311,ゾンニッヒ,菅原明良,16,1:33.4,9.5,3-4-4,3,472,0,牡,5,56.0,33.7,5.0,第55回ダービー卿チャレンジ(G3),2023年4月1日,3回中山3日目,4歳以上オープン,芝,1600,右,良,晴,5,中山
202203030409,ビッグシーザー,酒井学,4,1:10.0,2.9,6-5,1,498,2,牡,2,55.0,34.7,1.0,福島2歳ステークス ,2022年11月13日,3回福島4日目,2歳オープン,芝,1200,右,良,曇,2,福島
202207050403,ビッグシーザー,幸英明,1,1:07.9,1.3,1-1,1,496,4,牡,2,54.0,34.4,1.0,2歳未勝利,2022年9月18日,5回中京4日目,2歳未勝利,芝,1200,左,良,晴,6,中京
202207060509,ビッグシーザー,幸英明,7,1:08.0,1.9,2-3,1,502,4,牡,2,56.0,33.3,1.0,報知杯中京2歳S ,2022年12月17日,6回中京5日目,2歳オープン,芝,1200,左,良,小,6,中京
202210040405,ビッグシーザー,幸英明,6,1:08.7,2.1,2-2,3,500,0,牡,2,54.0,35.2,1.0,2歳新馬,2022年8月21日,4回小倉4日目,2歳新馬,芝,1200,右,重,曇,9,小倉
202210040802,ビッグシーザー,松山弘平,6,1:08.4,2.3,4-3,2,492,-8,牡,2,54.0,35.0,1.0,2歳未勝利,2022年9月4日,4回小倉8日目,2歳未勝利,芝,1200,右,良,晴,9,小倉
202308011111,ビッグシーザー,幸英明,2,1:07.2,1.7,4-4,3,508,6,牡,3,57.0,33.0,1.0,第6回葵ステークス(G3),2023年5月27日,1回京都11日目,3歳オープン,芝,1200,右,良,晴,7,京都
202308020211,ビッグシーザー,幸英明,2,1:09.1,3.4,3-3,12,512,0,牡,3,56.0,35.2,1.0,夕刊フジ杯オパールS(L),2023年10月8日,2回京都2日目,3歳以上オープン,芝,1200,右,良,小,7,京都
202308030812,ビッグシーザー,坂井瑠星,2,1:07.9,7.2,1-1,5,514,2,牡,3,56.0,34.2,3.0,第68回京阪杯(G3),2023年11月26日,3回京都8日目,3歳以上オープン,芝,1200,右,良,晴,7,京都
202309010610,ビッグシーザー,幸英明,4,1:08.6,1.3,4-5,1,502,0,牡,3,57.0,34.5,1.0,マーガレットS(L),2023年2月26日,1回阪神6日目,3歳オープン,芝,1200,右,良,曇,8,阪神
202309040211,ビッグシーザー,幸英明,6,1:07.9,3.7,5-5,10,512,4,牡,3,55.0,33.8,1.0,第37回産経賞セントウルS(G2),2023年9月10日,4回阪神2日目,3歳以上オープン,芝,1200,右,良,曇,8,阪神
201904020105,ロードベイリーフ,内田博幸,10,1:35.5,46.1,5-5,3,462,0,牡,2,54.0,34.0,8.0,2歳新馬,2019年7月27日,2回新潟1日目,2歳新馬,芝,1600,左,良,晴,3,新潟
201904020903,ロードベイリーフ,内田博幸,9,1:48.6,18.7,3-4,4,464,2,牡,2,54.0,35.9,6.0,2歳未勝利,2019年8月24日,2回新潟9日目,2歳未勝利,芝,1800,左,稍,晴,3,新潟
201908040703,ロードベイリーフ,福永祐一,4,1:35.9,4.4,2-2,2,470,2,牡,2,55.0,36.8,1.0,2歳未勝利,2019年10月20日,4回京都7日目,2歳未勝利,芝,1600,右,稍,晴,7,京都
201908050602,ロードベイリーフ,武豊,14,1:36.4,6.1,1-1,4,478,8,牡,2,55.0,36.7,3.0,2歳未勝利,2019年11月17日,5回京都6日目,2歳未勝利,芝,1600,右,良,晴,7,京都
201909040602,ロードベイリーフ,福永祐一,3,1:34.4,7.4,2-2,3,468,4,牡,2,54.0,35.0,5.0,2歳未勝利,2019年9月21日,4回阪神6日目,2歳未勝利,芝,1600,右,良,曇,8,阪神
201909050403,ロードベイリーフ,松山弘平,5,1:21.3,3.6,1-1,2,482,4,牡,2,55.0,35.0,5.0,2歳未勝利,2019年12月8日,5回阪神4日目,2歳未勝利,芝,1400,右,良,晴,8,阪神
202003030310,ロードベイリーフ,菱田裕二,1,1:10.1,4.6,3-3,4,462,-12,牡,3,56.0,34.9,6.0,飯坂温泉特別 ,2020年11月7日,3回福島3日目,3歳以上1勝クラス,芝,1200,右,良,曇,2,福島
202004010510,ロードベイリーフ,菱田裕二,14,1:49.0,38.0,4-4,13,482,-2,牡,3,56.0,34.7,2.0,早苗賞 ,2020年5月23日,1回新潟5日目,3歳1勝クラス,芝,1800,左,良,晴,3,新潟
202006030307,ロードベイリーフ,三浦皇成,12,1:35.5,3.5,6-7-8,9,478,-8,牡,3,56.0,35.2,6.0,3歳1勝クラス,2020年4月4日,3回中山3日目,3歳1勝クラス,芝,1600,右,良,晴,5,中山
202007030106,ロードベイリーフ,川須栄彦,10,1:21.0,11.3,5-6,6,482,20,牡,3,56.0,34.5,5.0,3歳以上1勝クラス,2020年12月5日,3回中京1日目,3歳以上1勝クラス,芝,1400,左,良,晴,6,中京
202008010105,ロードベイリーフ,福永祐一,4,1:37.5,3.6,4-3,6,488,6,牡,3,56.0,37.7,7.0,3歳未勝利,2020年1月5日,1回京都1日目,3歳未勝利,芝,1600,右,良,曇,7,京都
202009010405,ロードベイリーフ,池添謙一,6,1:35.6,5.1,2-2,1,486,-2,牡,3,56.0,35.4,4.0,3歳未勝利,2020年3月8日,1回阪神4日目,3歳未勝利,芝,1600,右,稍,曇,8,阪神
202009020711,ロードベイリーフ,坂井瑠星,11,1:35.9,160.6,2-2,10,484,6,牡,3,56.0,38.3,2.0,第29回アーリントンカップ(G3),2020年4月18日,2回阪神7日目,3歳オープン,芝,1600,右,稍,晴,8,阪神
202009030709,ロードベイリーフ,幸英明,8,1:21.6,25.8,3-2,4,474,-8,牡,3,54.0,36.0,2.0,出石特別 ,2020年6月27日,3回阪神7日目,3歳以上1勝クラス,芝,1400,右,良,曇,8,阪神
202009040312,ロードベイリーフ,福永祐一,3,1:11.2,4.9,7-8,2,474,0,牡,3,54.0,36.1,7.0,3歳以上1勝クラス,2020年7月11日,4回阪神3日目,3歳以上1勝クラス,芝,1200,右,重,曇,8,阪神
202103020511,ロードベイリーフ,柴山雄一,8,1:09.3,6.7,4-5,2,484,4,牡,4,57.0,35.1,2.0,みちのくステークス ,2021年11月20日,2回福島5日目,3歳以上3勝クラス,芝,1200,右,良,晴,2,福島
202107050611,ロードベイリーフ,幸英明,6,1:08.6,4.6,5-3,11,488,6,牡,4,57.0,34.9,2.0,長篠ステークス ,2021年9月25日,5回中京6日目,3歳以上3勝クラス,芝,1200,左,良,曇,6,中京
202109020709,ロードベイリーフ,岩田望来,8,1:09.5,6.4,7-7,1,480,6,牡,4,55.0,34.1,2.0,千種川特別 ,2021年4月17日,2回阪神7日目,4歳以上2勝クラス,芝,1200,右,重,雨,8,阪神
202109050210,ロードベイリーフ,松若風馬,1,1:09.0,8.0,3-3,8,480,-8,牡,4,57.0,34.1,3.0,道頓堀ステークス ,2021年11月7日,5回阪神2日目,3歳以上3勝クラス,芝,1200,右,良,晴,8,阪神
202110020109,ロードベイリーフ,横山和生,10,1:07.5,6.4,2-1,4,474,-8,牡,4,57.0,34.9,2.0,4歳以上1勝クラス,2021年2月13日,2回小倉1日目,4歳以上1勝クラス,芝,1200,右,良,晴,9,小倉
202110020712,ロードベイリーフ,横山和生,10,1:09.3,3.7,11-7,1,474,0,牡,4,57.0,34.5,1.0,大牟田特別 ,2021年3月6日,2回小倉7日目,4歳以上1勝クラス,芝,1200,右,稍,曇,9,小倉
202110040711,ロードベイリーフ,幸英明,11,1:08.1,9.5,5-4,2,482,2,牡,4,55.0,34.3,6.0,テレQ杯 ,2021年9月4日,4回小倉7日目,3歳以上3勝クラス,芝,1200,右,稍,曇,9,小倉
202204010611,ロードベイリーフ,西村淳也,12,0:54.9,32.0,10,2,488,6,牡,5,54.0,32.2,10.0,韋駄天ステークス ,2022年5月22日,1回新潟6日目,4歳以上オープン,芝,1000,直,良,晴,3,新潟
202204020211,ロードベイリーフ,西村淳也,5,0:54.6,70.5,17,3,480,2,牡,5,56.0,32.0,14.0,第22回アイビスサマーD(G3),2022年7月31日,2回新潟2日目,3歳以上オープン,芝,1000,直,良,晴,3,新潟
202204040611,ロードベイリーフ,西村淳也,2,0:56.0,16.8,14,11,484,4,牡,5,55.0,32.8,9.0,ルミエールオータムD(L),2022年10月30日,4回新潟6日目,3歳以上オープン,芝,1000,直,稍,曇,3,新潟
202206010609,ロードベイリーフ,ルメール,3,1:08.9,13.3,7-7,1,492,8,牡,5,57.0,34.5,5.0,サンライズステークス ,2022年1月16日,1回中山6日目,4歳以上3勝クラス,芝,1200,右,良,晴,5,中山
202206020311,ロードベイリーフ,亀田温心,15,1:08.8,161.6,11-10,13,482,-16,牡,5,56.0,34.4,14.0,第17回夕刊フジオーシャンS(G3),2022年3月5日,2回中山3日目,4歳以上オープン,芝,1200,右,良,晴,5,中山
202206050211,ロードベイリーフ,Ｍ．デム,7,1:08.4,20.3,8-8,7,492,8,牡,5,56.0,34.2,8.0,ラピスラズリS(L),2022年12月4日,5回中山2日目,3歳以上オープン,芝,1200,右,良,曇,5,中山
202209060511,ロードベイリーフ,横山典弘,14,1:09.1,15.2,13-14,10,498,6,牡,5,54.0,34.2,6.0,タンザナイトS ,2022年12月17日,6回阪神5日目,3歳以上オープン,芝,1200,右,稍,小,8,阪神
202210020211,ロードベイリーフ,横山和生,3,1:09.7,20.2,9-2,16,498,6,牡,5,56.0,35.5,11.0,北九州短距離S ,2022年2月13日,2回小倉2日目,4歳以上オープン,芝,1200,右,稍,曇,9,小倉
202210030211,ロードベイリーフ,和田竜二,9,1:06.9,28.2,11-8,6,478,-10,牡,5,54.0,34.2,8.0,第58回CBC賞(G3),2022年7月3日,3回小倉2日目,3歳以上オープン,芝,1200,右,良,曇,9,小倉
202303020611,ロードベイリーフ,木幡巧也,2,1:09.7,59.2,9-10,6,478,-14,牡,6,57.0,34.4,13.0,福島テレビオープン ,2023年7月16日,2回福島6日目,3歳以上オープン,芝,1200,右,良,晴,2,福島
202304020211,ロードベイリーフ,西村淳也,2,0:55.1,48.6,15,3,480,2,牡,6,57.0,32.2,12.0,第23回アイビスサマーD(G3),2023年7月30日,2回新潟2日目,3歳以上オープン,芝,1000,直,良,晴,3,新潟
202304040611,ロードベイリーフ,佐々木大,1,0:57.8,23.0,18,6,488,2,牡,6,56.0,33.7,11.0,ルミエールオータムD(L),2023年10月29日,4回新潟6日目,3歳以上オープン,芝,1000,直,不,曇,3,新潟
202306050211,ロードベイリーフ,佐々木大,5,1:07.9,32.9,6-6,3,494,6,牡,6,57.0,33.5,7.0,ラピスラズリS(L),2023年12月3日,5回中山2日目,3歳以上オープン,芝,1200,右,良,晴,5,中山
202308010611,ロードベイリーフ,川須栄彦,11,1:10.7,53.2,7-8,14,492,-6,牡,6,57.0,35.6,15.0,鞍馬ステークス ,2023年5月7日,1回京都6日目,4歳以上オープン,芝,1200,右,不,雨,7,京都
202309010611,ロードベイリーフ,酒井学,6,1:20.2,265.3,5-6,10,498,6,牡,6,57.0,34.4,14.0,第67回阪急杯(G3),2023年2月26日,1回阪神6日目,4歳以上オープン,芝,1400,右,良,曇,8,阪神
202310020211,ロードベイリーフ,酒井学,2,1:08.4,35.8,8-8,7,492,-6,牡,6,57.0,34.8,13.0,北九州短距離S ,2023年2月12日,2回小倉2日目,4歳以上オープン,芝,1200,右,稍,晴,9,小倉
202310030411,ロードベイリーフ,Ｍ．デム,10,1:07.9,60.7,8-8,7,486,6,牡,6,55.0,34.3,16.0,第58回TV西日本北九州記念(G3),2023年8月20日,3回小倉4日目,3歳以上オープン,芝,1200,右,良,晴,9,小倉
202104050402,クリノマジン,斎藤新,6,1:11.6,3.8,9-9,4,434,-10,牡,2,55.0,35.8,1.0,2歳未勝利,2021年10月17日,5回新潟4日目,2歳未勝利,芝,1200,左,重,曇,3,新潟
202107050305,クリノマジン,幸英明,10,1:11.5,4.6,4-4,4,444,0,牡,2,54.0,36.0,2.0,2歳新馬,2021年9月18日,5回中京3日目,2歳新馬,芝,1200,左,不,小,6,中京
202107060604,クリノマジン,秋山稔樹,12,1:22.2,11.6,4-4,2,452,18,牡,2,54.0,35.8,5.0,2歳未勝利,2021年12月19日,6回中京6日目,2歳未勝利,芝,1400,左,良,晴,6,中京
202203010202,クリノマジン,秋山稔樹,9,1:10.6,2.2,2-1,1,454,-2,牡,3,55.0,36.1,1.0,3歳未勝利,2022年4月17日,1回福島2日目,3歳未勝利,芝,1200,右,良,晴,2,福島
202203030511,クリノマジン,小沢大仁,9,1:09.7,5.9,10-9,4,450,2,牡,3,56.0,34.9,2.0,みちのくステークス ,2022年11月19日,3回福島5日目,3歳以上3勝クラス,芝,1200,右,良,晴,2,福島
202207010305,クリノマジン,斎藤新,4,1:36.4,10.4,3-8-8,12,452,0,牡,3,56.0,35.9,5.0,3歳未勝利,2022年1月9日,1回中京3日目,3歳未勝利,芝,1600,左,良,晴,6,中京
202207010505,クリノマジン,武豊,1,1:22.1,15.4,4-3,3,456,4,牡,3,56.0,36.1,6.0,3歳未勝利,2022年1月15日,1回中京5日目,3歳未勝利,芝,1400,左,良,曇,6,中京
202207040412,クリノマジン,小沢大仁,10,1:08.5,12.2,6-6,1,450,-4,牡,3,52.0,34.2,8.0,3歳以上1勝クラス,2022年6月12日,4回中京4日目,3歳以上1勝クラス,芝,1200,左,良,晴,6,中京
202207050611,クリノマジン,小沢大仁,7,1:08.3,4.1,12-12,8,448,2,牡,3,55.0,33.8,1.0,豊明ステークス ,2022年9月24日,5回中京6日目,3歳以上3勝クラス,芝,1200,左,良,晴,6,中京
202209060912,クリノマジン,幸英明,11,1:09.2,12.9,6-7,6,456,6,牡,3,56.0,34.5,6.0,2022ファイナルS ,2022年12月28日,6回阪神9日目,3歳以上3勝クラス,芝,1200,右,良,晴,8,阪神
202210030610,クリノマジン,小沢大仁,6,1:07.1,2.3,2-2,1,446,-4,牡,3,54.0,33.9,1.0,戸畑特別 ,2022年7月17日,3回小倉6日目,3歳以上2勝クラス,芝,1200,右,良,晴,9,小倉
202210040711,クリノマジン,小沢大仁,10,1:07.9,3.3,5-6,2,446,0,牡,3,54.0,34.4,1.0,テレQ杯 ,2022年9月3日,4回小倉7日目,3歳以上3勝クラス,芝,1200,右,重,曇,9,小倉
202303020611,クリノマジン,Ｍ．デム,11,1:10.0,6.0,12-13,14,452,-6,牡,4,57.0,34.4,3.0,福島テレビオープン ,2023年7月16日,2回福島6日目,3歳以上オープン,芝,1200,右,良,晴,2,福島
202308010611,クリノマジン,池添謙一,16,1:10.7,9.2,12-11,12,458,0,牡,4,57.0,35.4,6.0,鞍馬ステークス ,2023年5月7日,1回京都6日目,4歳以上オープン,芝,1200,右,不,雨,7,京都
202308020211,クリノマジン,和田竜二,10,1:08.4,34.5,9-6,5,454,-6,牡,4,55.0,34.1,11.0,夕刊フジ杯オパールS(L),2023年10月8日,2回京都2日目,3歳以上オープン,芝,1200,右,良,小,7,京都
202309011110,クリノマジン,和田竜二,9,1:08.2,11.1,5-5,1,458,-4,牡,4,58.0,33.8,5.0,淀屋橋ステークス ,2023年3月18日,1回阪神11日目,4歳以上3勝クラス,芝,1200,右,稍,曇,8,阪神
202309050511,クリノマジン,和田竜二,4,1:08.8,9.0,11-10,5,456,2,牡,4,55.0,34.2,5.0,タンザナイトS ,2023年12月16日,5回阪神5日目,3歳以上オープン,芝,1200,右,稍,曇,8,阪神
202310010611,クリノマジン,小沢大仁,8,1:09.2,8.3,6-6,2,450,-6,牡,4,57.0,35.0,5.0,巌流島ステークス ,2023年1月29日,1回小倉6日目,4歳以上3勝クラス,芝,1200,右,重,曇,9,小倉
202310020611,クリノマジン,小沢大仁,4,1:09.4,5.3,6-6,4,462,12,牡,4,58.0,34.9,3.0,下関ステークス ,2023年2月26日,2回小倉6日目,4歳以上3勝クラス,芝,1200,右,良,晴,9,小倉
202310030411,クリノマジン,田口貫太,7,1:08.1,36.5,8-8,12,460,8,牡,4,55.0,34.5,12.0,第58回TV西日本北九州記念(G3),2023年8月20日,3回小倉4日目,3歳以上オープン,芝,1200,右,良,晴,9,小倉
202004020505,レッドベルオーブ,戸崎圭太,12,1:36.8,2.4,7-7,2,478,0,牡,2,54.0,34.6,4.0,2歳新馬,2020年8月8日,2回新潟5日目,2歳新馬,芝,1600,左,稍,雨,3,新潟
202007020303,レッドベルオーブ,福永祐一,5,1:33.1,2.2,2-2-1,1,470,-8,牡,2,54.0,35.9,8.0,2歳未勝利,2020年9月19日,2回中京3日目,2歳未勝利,芝,1600,左,良,晴,6,中京
202009050311,レッドベルオーブ,福永祐一,2,1:32.4,1.3,5-5,1,468,-2,牡,2,55.0,34.0,1.0,第55回デイリー杯2歳S(G2),2020年11月14日,5回阪神3日目,2歳オープン,芝,1600,右,良,晴,8,阪神
202009060611,レッドベルオーブ,福永祐一,8,1:32.7,2.5,7-7,3,476,8,牡,2,55.0,34.2,6.0,第72回朝日フューチュリティ(G1),2020年12月20日,6回阪神6日目,2歳オープン,芝,1600,右,良,晴,8,阪神
202106030811,レッドベルオーブ,福永祐一,16,2:01.8,18.8,6-4-2-2,8,478,2,牡,3,57.0,38.1,9.0,第81回皐月賞(G1),2021年4月18日,3回中山8日目,3歳オープン,芝,2000,右,稍,晴,5,中山
202205040211,レッドベルオーブ,幸英明,1,1:46.2,12.4,1-1-1,10,486,4,牡,4,56.0,36.5,6.0,第73回毎日王冠(G2),2022年10月9日,4回東京2日目,3歳以上オープン,芝,1800,左,良,曇,4,東京
202207030810,レッドベルオーブ,鮫島克駿,11,1:20.1,3.9,9-10,6,484,-6,牡,4,56.0,34.0,2.0,安土城ステークス(L),2022年5月29日,3回中京8日目,4歳以上オープン,芝,1400,左,良,晴,6,中京
202209020211,レッドベルオーブ,中井裕二,16,1:34.4,5.9,3-3,7,492,14,牡,4,56.0,35.2,3.0,六甲ステークス(L),2022年3月27日,2回阪神2日目,4歳以上オープン,芝,1600,右,稍,晴,8,阪神
202209021011,レッドベルオーブ,岩田望来,5,1:34.0,8.7,10-9,6,490,-2,牡,4,56.0,35.2,7.0,第53回読売マイラーズカップ(G2),2022年4月24日,2回阪神10日目,4歳以上オープン,芝,1600,右,稍,曇,8,阪神
202209060111,レッドベルオーブ,福永祐一,1,1:58.6,9.3,1-1-1-1,9,504,18,牡,4,56.0,37.1,3.0,第73回チャレンジカップ(G3),2022年12月3日,6回阪神1日目,3歳以上オープン,芝,2000,右,良,晴,8,阪神
202210040611,レッドベルオーブ,幸英明,11,1:45.5,3.9,1-1-1-1,1,482,-2,牡,4,56.0,36.1,2.0,小倉日経オープン ,2022年8月28日,4回小倉6日目,3歳以上オープン,芝,1800,右,良,晴,9,小倉
202301010211,レッドベルオーブ,松田大作,1,1:07.6,33.2,8-9,3,486,2,牡,5,57.0,33.3,11.0,しらかばステークス ,2023年7月23日,1回札幌2日目,3歳以上オープン,芝,1200,右,良,晴,0,札幌
202301020211,レッドベルオーブ,松田大作,13,1:08.7,12.3,7-7,5,488,2,牡,5,58.0,33.8,6.0,UHB賞 ,2023年8月13日,2回札幌2日目,3歳以上オープン,芝,1200,右,良,曇,0,札幌
202301020611,レッドベルオーブ,松田大作,3,1:11.4,114.2,3-4,13,488,0,牡,5,57.0,36.9,12.0,第18回キーンランドカップ(G3),2023年8月27日,2回札幌6日目,3歳以上オープン,芝,1200,右,重,曇,0,札幌
202302010511,レッドベルオーブ,松田大作,2,1:10.0,17.8,4-5,5,484,-4,牡,5,58.0,35.0,7.0,青函ステークス ,2023年6月24日,1回函館5日目,3歳以上オープン,芝,1200,右,稍,曇,1,函館
202306030810,レッドベルオーブ,岩田望来,16,1:09.4,13.8,14-11,8,482,0,牡,5,57.5,34.4,4.0,春雷ステークス(L),2023年4月16日,3回中山8日目,4歳以上オープン,芝,1200,右,重,晴,5,中山
202308011210,レッドベルオーブ,松田大作,11,1:20.5,32.9,4-6,13,488,6,牡,5,57.5,34.4,10.0,安土城ステークス(L),2023年5月28日,1回京都12日目,4歳以上オープン,芝,1400,右,良,晴,7,京都
202310010811,レッドベルオーブ,北村友一,5,1:59.1,5.7,1-1-1-1,10,486,-18,牡,5,58.0,38.4,3.0,関門橋ステークス ,2023年2月5日,1回小倉8日目,4歳以上オープン,芝,2000,右,良,晴,9,小倉
202310020411,レッドベルオーブ,北村友一,4,1:53.1,16.2,1-1-1-4,15,482,-4,牡,5,57.5,40.4,8.0,第57回小倉大賞典(G3),2023年2月19日,2回小倉4日目,4歳以上オープン,芝,1800,右,重,晴,9,小倉
202207010806,メイショウソラフネ,団野大成,6,1:37.7,18.7,3-4-4,5,446,0,牡,3,56.0,35.1,6.0,3歳新馬,2022年1月23日,1回中京8日目,3歳新馬,芝,1600,左,良,曇,6,中京
202207020103,メイショウソラフネ,角田大河,17,1:21.8,3.4,8-8,3,440,-2,牡,3,53.0,34.5,2.0,3歳未勝利,2022年3月12日,2回中京1日目,3歳未勝利,芝,1400,左,良,晴,6,中京
202207060107,メイショウソラフネ,角田大河,16,1:34.7,5.9,2-2-2,4,450,4,牡,3,54.0,34.5,4.0,3歳以上1勝クラス,2022年12月3日,6回中京1日目,3歳以上1勝クラス,芝,1600,左,良,晴,6,中京
202207060512,メイショウソラフネ,角田大河,14,1:21.6,5.6,5-5,7,444,-6,牡,3,54.0,34.9,4.0,3歳以上1勝クラス,2022年12月17日,6回中京5日目,3歳以上1勝クラス,芝,1400,左,良,小,6,中京
202209010205,メイショウソラフネ,団野大成,8,1:35.8,40.5,5-4,2,442,-4,牡,3,56.0,33.3,9.0,3歳未勝利,2022年2月13日,1回阪神2日目,3歳未勝利,芝,1600,右,良,小,8,阪神
202210030307,メイショウソラフネ,角田大河,4,1:08.2,2.7,9-4,2,442,2,牡,3,53.0,34.0,1.0,3歳未勝利,2022年7月9日,3回小倉3日目,3歳未勝利,芝,1200,右,良,晴,9,小倉
202210030804,メイショウソラフネ,角田大河,3,1:07.6,2.6,1-1,2,440,-2,牡,3,53.0,35.2,1.0,3歳未勝利,2022年7月24日,3回小倉8日目,3歳未勝利,芝,1200,右,良,曇,9,小倉
202210040204,メイショウソラフネ,角田大河,15,1:07.4,2.3,3-2,1,446,6,牡,3,53.0,34.4,1.0,3歳未勝利,2022年8月14日,4回小倉2日目,3歳未勝利,芝,1200,右,良,晴,9,小倉
202307020308,メイショウソラフネ,角田大河,17,1:22.4,7.6,2-2,1,444,0,牡,4,56.0,35.5,4.0,4歳以上1勝クラス,2023年3月18日,2回中京3日目,4歳以上1勝クラス,芝,1400,左,重,曇,6,中京
202308020110,メイショウソラフネ,角田大河,4,1:20.2,5.5,6-5,1,448,0,牡,4,56.0,34.3,2.0,長岡京ステークス ,2023年10月7日,2回京都1日目,3歳以上3勝クラス,芝,1400,右,良,晴,7,京都
202308020811,メイショウソラフネ,角田大河,10,1:20.8,63.3,2-2,14,448,0,牡,4,57.0,35.3,14.0,第66回MBS賞スワンS(G2),2023年10月28日,2回京都8日目,3歳以上オープン,芝,1400,右,良,晴,7,京都
202309020310,メイショウソラフネ,角田大河,8,1:07.9,3.0,1-1,1,444,0,牡,4,58.0,34.4,3.0,ラジオ関西賞仲春特別 ,2023年4月1日,2回阪神3日目,4歳以上2勝クラス,芝,1200,右,良,晴,8,阪神
202309040710,メイショウソラフネ,角田大河,13,1:08.1,6.8,4-5,4,448,-4,牡,4,56.0,33.0,3.0,道頓堀ステークス ,2023年9月24日,4回阪神7日目,3歳以上3勝クラス,芝,1200,右,良,晴,8,阪神
202310030711,メイショウソラフネ,角田大河,10,1:09.0,2.8,2-3,12,452,8,牡,4,56.0,35.6,1.0,テレQ杯 ,2023年9月2日,3回小倉7日目,3歳以上3勝クラス,芝,1200,右,稍,晴,9,小倉
202203020211,ホウオウノーサイド,永野猛蔵,2,1:47.3,37.4,12-12-12-11,7,466,2,牡,3,53.0,35.2,11.0,第71回ラジオNIKKEI賞(G3),2022年7月3日,2回福島2日目,3歳オープン,芝,1800,右,良,晴,2,福島
202204010709,ホウオウノーサイド,斎藤新,15,1:09.4,9.0,2-2,2,466,4,牡,3,56.0,35.2,5.0,ゆきつばき賞 ,2022年5月28日,1回新潟7日目,3歳1勝クラス,芝,1200,左,良,晴,3,新潟
202205030412,ホウオウノーサイド,ルメール,10,1:22.0,4.6,1-2,1,464,-2,牡,3,54.0,34.0,1.0,3歳以上1勝クラス,2022年6月12日,3回東京4日目,3歳以上1勝クラス,芝,1400,左,重,晴,4,東京
202205040909,ホウオウノーサイド,横山武史,7,1:33.8,14.4,6-6,9,468,2,牡,3,55.0,34.7,6.0,Lトレーナーカップ ,2022年10月30日,4回東京9日目,3歳以上2勝クラス,芝,1600,左,良,晴,4,東京
202205050612,ホウオウノーサイド,鮫島克駿,13,1:21.5,9.5,6-6,3,470,2,牡,3,56.0,34.0,5.0,3歳以上2勝クラス,2022年11月20日,5回東京6日目,3歳以上2勝クラス,芝,1400,左,良,小,4,東京
202206010606,ホウオウノーサイド,斎藤新,2,1:37.7,13.1,2-1-1,9,472,0,牡,3,56.0,37.0,3.0,3歳新馬,2022年1月16日,1回中山6日目,3歳新馬,芝,1600,右,良,晴,5,中山
202206030202,ホウオウノーサイド,斎藤新,11,1:11.2,5.4,5-4,2,466,-6,牡,3,56.0,36.1,4.0,3歳未勝利,2022年3月27日,3回中山2日目,3歳未勝利,ダ,1200,右,重,晴,5,中山
202206030503,ホウオウノーサイド,斎藤新,1,1:12.6,1.3,2-2,1,462,-4,牡,3,56.0,36.9,1.0,3歳未勝利,2022年4月9日,3回中山5日目,3歳未勝利,ダ,1200,右,良,晴,5,中山
202206050112,ホウオウノーサイド,田辺裕信,8,1:08.6,5.2,15-15,5,472,2,牡,3,56.0,34.2,2.0,3歳以上2勝クラス,2022年12月3日,5回中山1日目,3歳以上2勝クラス,芝,1200,右,良,曇,5,中山
202206050812,ホウオウノーサイド,田辺裕信,7,1:08.8,6.3,14-12,1,474,2,牡,3,56.0,33.8,3.0,キャンドルライト賞 ,2022年12月25日,5回中山8日目,3歳以上2勝クラス,芝,1200,右,良,晴,5,中山
202305030811,ホウオウノーサイド,斎藤新,6,1:21.8,10.2,13-12,12,484,2,牡,4,55.0,33.2,6.0,パラダイスステークス(L),2023年6月25日,3回東京8日目,3歳以上オープン,芝,1400,左,良,晴,4,東京
202306020510,ホウオウノーサイド,田辺裕信,5,1:07.7,7.3,14-14,6,478,4,牡,4,56.0,33.6,2.0,アクアマリンS ,2023年3月11日,2回中山5日目,4歳以上3勝クラス,芝,1200,右,良,晴,5,中山
202306030510,ホウオウノーサイド,田辺裕信,8,1:08.5,8.8,11-11,7,482,4,牡,4,58.0,33.8,4.0,船橋ステークス ,2023年4月8日,3回中山5日目,4歳以上3勝クラス,芝,1200,右,稍,曇,5,中山
202308011212,ホウオウノーサイド,斎藤新,8,1:20.8,9.1,9-10,1,482,0,牡,4,58.0,33.2,5.0,渡月橋ステークス ,2023年5月28日,1回京都12日目,4歳以上3勝クラス,芝,1400,右,良,曇,7,京都
202007020402,メディーヴァル,幸英明,2,1:13.3,7.1,11-12,2,450,-2,牡,2,54.0,36.7,7.0,2歳未勝利,2020年9月20日,2回中京4日目,2歳未勝利,ダ,1200,左,良,曇,6,中京
202007020801,メディーヴァル,幸英明,1,1:25.3,4.9,6-4,2,448,-2,牡,2,55.0,38.0,4.0,2歳未勝利,2020年10月3日,2回中京8日目,2歳未勝利,ダ,1400,左,良,曇,6,中京
202007030610,メディーヴァル,川須栄彦,16,1:25.6,14.0,3-3,3,452,-2,牡,2,55.0,38.8,4.0,寒椿賞 ,2020年12月20日,3回中京6日目,2歳1勝クラス,ダ,1400,左,良,晴,6,中京
202009050901,メディーヴァル,幸英明,14,1:25.9,3.1,3-2,1,454,6,牡,2,55.0,37.4,8.0,2歳未勝利,2020年11月29日,5回阪神9日目,2歳未勝利,ダ,1400,右,良,晴,8,阪神
202010020605,メディーヴァル,幸英明,8,1:09.9,6.9,1-1,5,452,0,牡,2,54.0,36.0,4.0,2歳新馬,2020年8月30日,2回小倉6日目,2歳新馬,芝,1200,右,良,晴,9,小倉
202105020605,メディーヴァル,幸英明,13,1:37.8,5.3,7-6,7,446,0,牡,3,56.0,38.8,2.0,3歳1勝クラス,2021年5月9日,2回東京6日目,3歳1勝クラス,ダ,1600,左,良,晴,4,東京
202107030805,メディーヴァル,幸英明,5,1:24.4,2.8,8-7,4,446,0,牡,3,56.0,38.0,1.0,3歳1勝クラス,2021年5月30日,3回中京8日目,3歳1勝クラス,ダ,1400,左,良,晴,6,中京
202107050107,メディーヴァル,幸英明,5,1:23.3,2.8,3-3,2,454,8,牡,3,55.0,36.1,1.0,3歳以上1勝クラス,2021年9月11日,5回中京1日目,3歳以上1勝クラス,ダ,1400,左,稍,晴,6,中京
202107050608,メディーヴァル,幸英明,13,1:24.6,2.6,3-3,4,454,0,牡,3,55.0,37.4,1.0,3歳以上1勝クラス,2021年9月25日,5回中京6日目,3歳以上1勝クラス,ダ,1400,左,良,曇,6,中京
202109010106,メディーヴァル,幸英明,6,1:25.8,4.0,1-1,3,450,-2,牡,3,56.0,38.6,2.0,3歳1勝クラス,2021年2月13日,1回阪神1日目,3歳1勝クラス,ダ,1400,右,良,晴,8,阪神
202109011007,メディーヴァル,幸英明,16,1:24.2,4.6,6-3,3,446,-4,牡,3,56.0,37.6,3.0,3歳1勝クラス,2021年3月14日,1回阪神10日目,3歳1勝クラス,ダ,1400,右,稍,晴,8,阪神
202109021006,メディーヴァル,幸英明,6,1:24.3,3.0,3-2,2,446,0,牡,3,56.0,37.1,2.0,3歳1勝クラス,2021年4月25日,2回阪神10日目,3歳1勝クラス,ダ,1400,右,良,晴,8,阪神
202109050607,メディーヴァル,幸英明,15,1:24.5,5.0,3-1,1,456,2,牡,3,56.0,36.5,3.0,3歳以上1勝クラス,2021年11月21日,5回阪神6日目,3歳以上1勝クラス,ダ,1400,右,良,晴,8,阪神
202109060412,メディーヴァル,幸英明,16,1:24.6,4.8,6-4,3,456,0,牡,3,56.0,36.7,3.0,夙川特別 ,2021年12月12日,6回阪神4日目,3歳以上2勝クラス,ダ,1400,右,良,晴,8,阪神
202109060712,メディーヴァル,幸英明,3,1:24.9,2.7,2-6,1,458,2,牡,3,56.0,37.4,1.0,3歳以上2勝クラス,2021年12月25日,6回阪神7日目,3歳以上2勝クラス,ダ,1400,右,良,曇,8,阪神
202204030310,メディーヴァル,岩田康誠,4,1:10.8,8.1,8-8,3,462,2,牡,4,57.0,36.1,5.0,上越ステークス ,2022年8月20日,3回新潟3日目,3歳以上3勝クラス,ダ,1200,左,重,曇,3,新潟
202206040311,メディーヴァル,石橋脩,16,1:11.7,9.0,9-7,8,460,-2,牡,4,57.0,37.3,4.0,初風ステークス ,2022年9月17日,4回中山3日目,3歳以上3勝クラス,ダ,1200,右,良,晴,5,中山
202209010310,メディーヴァル,武豊,10,1:24.6,15.7,6-6,5,464,6,牡,4,54.0,37.3,6.0,播磨ステークス ,2022年2月19日,1回阪神3日目,4歳以上3勝クラス,ダ,1400,右,良,小,8,阪神
202209020710,メディーヴァル,幸英明,2,1:25.6,22.9,4-4,15,460,-4,牡,4,57.0,38.5,9.0,天満橋ステークス ,2022年4月16日,2回阪神7日目,4歳以上3勝クラス,ダ,1400,右,良,晴,8,阪神
202209050612,メディーヴァル,幸英明,12,1:24.4,48.1,3-4,5,468,8,牡,4,57.0,36.2,8.0,姫路ステークス ,2022年11月20日,5回阪神6日目,3歳以上3勝クラス,ダ,1400,右,稍,曇,8,阪神
202209060110,メディーヴァル,福永祐一,6,1:12.0,7.5,2-2,5,468,0,牡,4,57.0,36.6,4.0,妙見山ステークス ,2022年12月3日,6回阪神1日目,3歳以上3勝クラス,ダ,1200,右,稍,晴,8,阪神
202303020611,メディーヴァル,石橋脩,1,1:09.8,56.0,5-6,8,470,6,牡,5,57.0,35.0,12.0,福島テレビオープン ,2023年7月16日,2回福島6日目,3歳以上オープン,芝,1200,右,良,晴,2,福島
202304010811,メディーヴァル,西塚洸二,13,0:56.5,16.8,10,1,474,2,牡,5,52.0,33.8,6.0,韋駄天ステークス ,2023年5月21日,1回新潟8日目,4歳以上オープン,芝,1000,直,良,晴,3,新潟
202304020211,メディーヴァル,今村聖奈,11,0:55.5,39.9,12,8,470,0,牡,5,57.0,33.1,10.0,第23回アイビスサマーD(G3),2023年7月30日,2回新潟2日目,3歳以上オープン,芝,1000,直,良,晴,3,新潟
202304040611,メディーヴァル,西塚洸二,11,0:58.6,21.7,10,12,470,0,牡,5,55.0,35.1,10.0,ルミエールオータムD(L),2023年10月29日,4回新潟6日目,3歳以上オープン,芝,1000,直,不,曇,3,新潟
202307010911,メディーヴァル,松山弘平,7,1:12.0,39.7,10-9,6,474,6,牡,5,55.0,36.7,10.0,伊賀ステークス ,2023年1月28日,1回中京9日目,4歳以上3勝クラス,ダ,1200,左,良,晴,6,中京
202308020211,メディーヴァル,西塚洸二,1,1:08.5,82.2,3-3,6,470,0,牡,5,54.0,34.6,15.0,夕刊フジ杯オパールS(L),2023年10月8日,2回京都2日目,3歳以上オープン,芝,1200,右,良,小,7,京都
202309020710,メディーヴァル,幸英明,15,1:24.1,39.4,3-2,13,472,-2,牡,5,55.0,37.6,10.0,天満橋ステークス ,2023年4月15日,2回阪神7日目,4歳以上3勝クラス,ダ,1400,右,不,雨,8,阪神
202309030211,メディーヴァル,西塚洸二,4,1:11.6,154.5,9-9,10,464,-10,牡,5,54.0,36.4,16.0,松風月ステークス ,2023年6月4日,3回阪神2日目,3歳以上オープン,ダ,1200,右,良,晴,8,阪神
202309050511,メディーヴァル,西塚洸二,12,1:09.3,159.9,5-6,11,472,2,牡,5,54.0,34.9,16.0,タンザナイトS ,2023年12月16日,5回阪神5日目,3歳以上オープン,芝,1200,右,稍,曇,8,阪神
202101020401,エクセトラ,団野大成,5,1:32.0,10.8,8-8-7,5,500,4,牡,2,54.0,35.4,5.0,2歳未勝利,2021年8月22日,2回札幌4日目,2歳未勝利,芝,1500,右,良,晴,0,札幌
202102010901,エクセトラ,団野大成,3,1:10.2,14.9,2-2,4,496,8,牡,2,54.0,36.6,6.0,2歳未勝利,2021年7月31日,1回函館9日目,2歳未勝利,芝,1200,右,良,曇,1,函館
202107040205,エクセトラ,岩田望来,13,1:26.1,5.7,7-8,12,488,0,牡,2,54.0,38.1,3.0,2歳新馬,2021年6月6日,4回中京2日目,2歳新馬,芝,1400,左,良,晴,6,中京
202107050303,エクセトラ,岩田康誠,3,1:37.6,20.1,3-5-3,5,488,-12,牡,2,54.0,36.9,9.0,2歳未勝利,2021年9月18日,5回中京3日目,2歳未勝利,芝,1600,左,不,雨,6,中京
202107060104,エクセトラ,泉谷楓真,9,1:35.6,8.5,6-8-6,2,494,6,牡,2,54.0,35.0,4.0,2歳未勝利,2021年12月4日,6回中京1日目,2歳未勝利,芝,1600,左,良,晴,6,中京
202109060604,エクセトラ,Ｍ．デム,5,1:35.4,28.3,6-7,5,492,-2,牡,2,55.0,36.3,6.0,2歳未勝利,2021年12月19日,6回阪神6日目,2歳未勝利,芝,1600,右,良,晴,8,阪神
202204010406,エクセトラ,泉谷楓真,5,1:56.3,5.0,3-3-3-2,5,498,12,牡,3,55.0,40.2,4.0,3歳未勝利,2022年5月15日,1回新潟4日目,3歳未勝利,ダ,1800,左,稍,晴,3,新潟
202204010707,エクセトラ,泉谷楓真,15,1:35.6,6.2,10-10,3,490,-8,牡,3,55.0,36.0,3.0,3歳未勝利,2022年5月28日,1回新潟7日目,3歳未勝利,芝,1600,左,良,晴,3,新潟
202207010305,エクセトラ,川田将雅,3,1:35.8,3.2,3-3-2,8,486,-6,牡,3,56.0,35.7,1.0,3歳未勝利,2022年1月9日,1回中京3日目,3歳未勝利,芝,1600,左,良,晴,6,中京
202209020202,エクセトラ,泉谷楓真,11,1:13.3,5.9,7-7,6,486,0,牡,3,55.0,37.5,3.0,3歳未勝利,2022年3月27日,2回阪神2日目,3歳未勝利,ダ,1200,右,重,晴,8,阪神
202209030404,エクセトラ,ルメール,7,1:34.6,12.2,4-5,1,496,6,牡,3,56.0,34.4,6.0,3歳未勝利,2022年6月26日,3回阪神4日目,3歳未勝利,芝,1600,右,良,晴,8,阪神
202301010111,エクセトラ,ルメール,13,1:07.5,2.3,8-8,1,524,-8,牡,4,58.0,33.4,1.0,TVh賞 ,2023年7月22日,1回札幌1日目,3歳以上3勝クラス,芝,1200,右,良,晴,0,札幌
202301020211,エクセトラ,横山武史,11,1:08.7,2.0,7-7,4,526,2,牡,4,57.0,33.8,1.0,UHB賞 ,2023年8月13日,2回札幌2日目,3歳以上オープン,芝,1200,右,良,曇,0,札幌
202305020808,エクセトラ,ルメール,8,1:34.0,1.9,4-5,1,532,8,牡,4,58.0,33.3,1.0,4歳以上2勝クラス,2023年5月14日,2回東京8日目,4歳以上2勝クラス,芝,1600,左,良,曇,4,東京
202308010207,エクセトラ,ルメール,17,1:20.2,5.9,11-9,1,524,28,牡,4,58.0,34.0,2.0,4歳以上1勝クラス,2023年4月23日,1回京都2日目,4歳以上1勝クラス,芝,1400,右,良,晴,7,京都
202308020811,エクセトラ,モレイラ,1,1:20.7,9.3,8-6,11,530,4,牡,4,57.0,34.8,5.0,第66回MBS賞スワンS(G2),2023年10月28日,2回京都8日目,3歳以上オープン,芝,1400,右,良,晴,7,京都
202308030812,エクセトラ,岩田望来,15,1:08.0,27.2,14-15,7,526,-4,牡,4,57.0,32.5,10.0,第68回京阪杯(G3),2023年11月26日,3回京都8日目,3歳以上オープン,芝,1200,右,良,晴,7,京都
202102010701,ショウナンハクラク,池添謙一,7,1:56.9,9.7,1-1-3-9,13,478,4,牡,2,54.0,42.2,3.0,2歳未勝利,2021年7月24日,1回函館7日目,2歳未勝利,芝,1800,右,良,曇,1,函館
202107060104,ショウナンハクラク,浜中俊,6,1:35.6,6.9,4-4-3,3,474,2,牡,2,55.0,35.2,3.0,2歳未勝利,2021年12月4日,6回中京1日目,2歳未勝利,芝,1600,左,良,晴,6,中京
202107060604,ショウナンハクラク,浜中俊,14,1:22.3,5.6,6-6,3,472,-2,牡,2,55.0,35.7,3.0,2歳未勝利,2021年12月19日,6回中京6日目,2歳未勝利,芝,1400,左,良,晴,6,中京
202109030205,ショウナンハクラク,岩田康誠,5,1:40.5,9.9,6-5,4,474,0,牡,2,54.0,35.9,4.0,2歳新馬,2021年6月20日,3回阪神2日目,2歳新馬,芝,1600,右,稍,晴,8,阪神
202109040603,ショウナンハクラク,鮫島克駿,7,1:22.0,55.1,12-10,4,472,-6,牡,2,55.0,35.3,11.0,2歳未勝利,2021年10月24日,4回阪神6日目,2歳未勝利,芝,1400,右,良,晴,8,阪神
202109050303,ショウナンハクラク,浜中俊,16,1:22.9,13.0,13-9,5,472,0,牡,2,55.0,36.3,6.0,2歳未勝利,2021年11月13日,5回阪神3日目,2歳未勝利,芝,1400,右,良,晴,8,阪神
202207010505,ショウナンハクラク,坂井瑠星,7,1:21.6,11.9,7-7,1,472,0,牡,3,56.0,35.3,4.0,3歳未勝利,2022年1月15日,1回中京5日目,3歳未勝利,芝,1400,左,良,曇,6,中京
202207020311,ショウナンハクラク,坂井瑠星,5,1:21.5,8.0,18-16,6,464,-8,牡,3,56.0,35.8,4.0,第36回中スポ賞ファルコンS(G3),2022年3月19日,2回中京3日目,3歳オープン,芝,1400,左,稍,曇,6,中京
202303010112,ショウナンハクラク,西村淳也,4,1:08.5,4.6,3-3,1,470,-18,牡,4,58.0,34.6,2.0,4歳以上1勝クラス,2023年4月8日,1回福島1日目,4歳以上1勝クラス,芝,1200,右,良,曇,2,福島
202303010611,ショウナンハクラク,角田大和,8,1:08.8,5.3,6-5,1,468,-2,牡,4,58.0,33.8,3.0,福島中央テレビ杯 ,2023年4月23日,1回福島6日目,4歳以上2勝クラス,芝,1200,右,良,晴,2,福島
202303020511,ショウナンハクラク,角田大和,8,1:11.2,3.9,4-4,7,468,0,牡,4,58.0,36.4,1.0,バーデンバーデンC ,2023年7月15日,2回福島5日目,3歳以上3勝クラス,芝,1200,右,稍,曇,2,福島
202307010512,ショウナンハクラク,坂井瑠星,14,1:38.1,13.2,16-14-14,13,482,18,牡,4,57.0,35.8,4.0,4歳以上1勝クラス,2023年1月14日,1回中京5日目,4歳以上1勝クラス,芝,1600,左,重,曇,6,中京
202307011008,ショウナンハクラク,浜中俊,9,1:26.6,14.4,5-5,10,486,4,牡,4,57.0,39.7,6.0,4歳以上1勝クラス,2023年1月29日,1回中京10日目,4歳以上1勝クラス,ダ,1400,左,良,晴,6,中京
202308030210,ショウナンハクラク,松若風馬,1,1:07.3,6.4,7-7,1,478,4,牡,4,58.0,33.4,2.0,醍醐ステークス ,2023年11月5日,3回京都2日目,3歳以上3勝クラス,芝,1200,右,良,晴,7,京都
202308030812,ショウナンハクラク,松若風馬,7,1:08.0,17.2,9-7,8,476,-2,牡,4,57.0,33.3,7.0,第68回京阪杯(G3),2023年11月26日,3回京都8日目,3歳以上オープン,芝,1200,右,良,晴,7,京都
202309040710,ショウナンハクラク,松若風馬,10,1:08.3,14.6,10-9,6,474,2,牡,4,56.0,32.8,7.0,道頓堀ステークス ,2023年9月24日,4回阪神7日目,3歳以上3勝クラス,芝,1200,右,良,晴,8,阪神
202310020606,ショウナンハクラク,西村淳也,4,1:10.3,7.1,5-5,8,488,2,牡,4,58.0,36.1,3.0,4歳以上1勝クラス,2023年2月26日,2回小倉6日目,4歳以上1勝クラス,芝,1200,右,良,晴,9,小倉
202310030711,ショウナンハクラク,松若風馬,7,1:08.3,11.2,4-6,4,472,4,牡,4,56.0,34.7,5.0,テレQ杯 ,2023年9月2日,3回小倉7日目,3歳以上3勝クラス,芝,1200,右,稍,晴,9,小倉
202101010505,カルネアサーダ,小沢大仁,1,1:09.5,25.7,1-2,2,442,0,牝,2,51.0,34.6,7.0,2歳新馬,2021年6月26日,1回札幌5日目,2歳新馬,芝,1200,右,良,晴,0,札幌
202101020201,カルネアサーダ,西谷凜,3,1:10.4,10.8,1-1,6,432,-12,牝,2,51.0,36.9,5.0,2歳未勝利,2021年8月15日,2回札幌2日目,2歳未勝利,芝,1200,右,良,曇,0,札幌
202101020701,カルネアサーダ,西谷凜,2,1:10.4,19.2,3-4,3,438,6,牝,2,51.0,35.3,5.0,2歳未勝利,2021年9月4日,2回札幌7日目,2歳未勝利,芝,1200,右,良,晴,0,札幌
202102010101,カルネアサーダ,小沢大仁,5,1:09.8,6.0,3-3,5,444,2,牝,2,51.0,36.1,3.0,2歳未勝利,2021年7月3日,1回函館1日目,2歳未勝利,芝,1200,右,良,晴,1,函館
202201010210,カルネアサーダ,鮫島克駿,5,1:09.2,5.6,2-2,1,456,-4,牝,3,52.0,35.7,3.0,知床特別 ,2022年7月24日,1回札幌2日目,3歳以上2勝クラス,芝,1200,右,良,曇,0,札幌
202202010108,カルネアサーダ,鮫島克駿,8,0:58.6,1.9,3-3,2,454,-2,牝,3,52.0,35.6,1.0,3歳以上1勝クラス,2022年6月11日,1回函館1日目,3歳以上1勝クラス,ダ,1000,右,良,晴,1,函館
202202010812,カルネアサーダ,鮫島克駿,10,0:58.3,1.4,1-1,1,460,6,牝,3,52.0,35.1,1.0,3歳以上1勝クラス,2022年7月3日,1回函館8日目,3歳以上1勝クラス,ダ,1000,右,稍,晴,1,函館
202206050411,カルネアサーダ,永野猛蔵,14,1:10.9,35.6,5-6,15,460,2,牝,3,53.0,38.3,11.0,第15回カペラステークス(G3),2022年12月11日,5回中山4日目,3歳以上オープン,ダ,1200,右,良,曇,5,中山
202207030406,カルネアサーダ,和田竜二,4,1:11.8,1.7,4-3,5,456,-2,牝,3,54.0,37.2,1.0,3歳1勝クラス,2022年5月15日,3回中京4日目,3歳1勝クラス,ダ,1200,左,重,晴,6,中京
202209020101,カルネアサーダ,鮫島克駿,13,1:12.5,3.5,2-2,1,458,20,牝,3,54.0,36.6,2.0,3歳未勝利,2022年3月26日,2回阪神1日目,3歳未勝利,ダ,1200,右,良,小,8,阪神
202209020706,カルネアサーダ,鮫島克駿,9,1:11.8,14.7,2-2,2,458,0,牝,3,54.0,37.1,5.0,3歳1勝クラス,2022年4月16日,2回阪神7日目,3歳1勝クラス,ダ,1200,右,稍,晴,8,阪神
202209050110,カルネアサーダ,鮫島克駿,15,1:11.6,5.8,2-2,1,458,2,牝,3,52.0,36.7,3.0,安芸ステークス ,2022年11月5日,5回阪神1日目,3歳以上3勝クラス,ダ,1200,右,良,晴,8,阪神
202301010211,カルネアサーダ,角田大和,14,1:08.0,9.1,5-2,10,468,8,牝,4,54.0,34.0,4.0,しらかばステークス ,2023年7月23日,1回札幌2日目,3歳以上オープン,芝,1200,右,良,晴,0,札幌
202301020211,カルネアサーダ,角田大和,15,1:08.4,9.4,1-1,2,462,-6,牝,4,55.0,34.0,4.0,UHB賞 ,2023年8月13日,2回札幌2日目,3歳以上オープン,芝,1200,右,良,曇,0,札幌
202302010211,カルネアサーダ,角田大和,16,1:09.1,78.5,3-3,12,460,0,牝,4,55.0,36.0,14.0,第30回函館スプリントS(G3),2023年6月11日,1回函館2日目,3歳以上オープン,芝,1200,右,良,曇,1,函館
202302010511,カルネアサーダ,角田大和,10,1:09.6,8.0,2-2,2,460,0,牝,4,55.0,34.8,3.0,青函ステークス ,2023年6月24日,1回函館5日目,3歳以上オープン,芝,1200,右,稍,曇,1,函館
202306030611,カルネアサーダ,松岡正海,4,1:10.6,35.2,2-2,4,460,-6,牝,4,55.0,36.6,9.0,京葉ステークス(L),2023年4月9日,3回中山6日目,4歳以上オープン,ダ,1200,右,良,晴,5,中山
202307010411,カルネアサーダ,松若風馬,3,1:07.7,30.0,2-2,2,466,6,牝,4,55.0,34.3,8.0,淀短距離ステークス(L),2023年1月9日,1回中京4日目,4歳以上オープン,芝,1200,左,良,晴,6,中京
202308020111,カルネアサーダ,角田大和,14,1:12.1,16.6,2-2,11,456,-6,牝,4,55.0,37.4,6.0,藤森ステークス ,2023年10月7日,2回京都1日目,3歳以上オープン,ダ,1200,右,良,晴,7,京都
202309050511,カルネアサーダ,川須栄彦,5,1:08.5,6.7,1-1,1,464,8,牝,4,54.0,34.6,3.0,タンザナイトS ,2023年12月16日,5回阪神5日目,3歳以上オープン,芝,1200,右,稍,曇,8,阪神
202310020211,カルネアサーダ,松若風馬,8,1:08.5,4.8,2-2,9,466,0,牝,4,55.0,35.3,1.0,北九州短距離S ,2023年2月12日,2回小倉2日目,4歳以上オープン,芝,1200,右,稍,晴,9,小倉
202107050104,スコールユニバンス,岩田望来,10,1:39.3,7.1,7-9-7,2,442,0,牝,2,54.0,33.1,3.0,2歳新馬,2021年9月11日,5回中京1日目,2歳新馬,芝,1600,左,良,曇,6,中京
202107050703,スコールユニバンス,吉田隼人,9,1:36.9,4.8,7-8-9,5,448,6,牝,2,54.0,36.2,2.0,2歳未勝利,2021年9月26日,5回中京7日目,2歳未勝利,芝,1600,左,重,雨,6,中京
202107060404,スコールユニバンス,古川奈穂,18,2:02.7,3.2,8-8-8-9,5,446,-4,牝,2,50.0,36.0,1.0,2歳未勝利,2021年12月12日,6回中京4日目,2歳未勝利,芝,2000,左,良,曇,6,中京
202109040403,スコールユニバンス,古川奈穂,1,1:47.9,5.6,3-3,2,448,0,牝,2,50.0,36.2,3.0,2歳未勝利,2021年10月17日,4回阪神4日目,2歳未勝利,芝,1800,右,稍,晴,8,阪神
202109050504,スコールユニバンス,古川奈穂,17,1:47.3,4.1,12-11,3,450,2,牝,2,50.0,35.2,2.0,2歳未勝利,2021年11月20日,5回阪神5日目,2歳未勝利,芝,1800,右,良,晴,8,阪神
202109060906,スコールユニバンス,坂井瑠星,9,1:47.4,2.4,3-3,2,444,-2,牝,2,54.0,35.4,1.0,2歳未勝利,2021年12月28日,6回阪神9日目,2歳未勝利,芝,1800,右,良,晴,8,阪神
202201010603,スコールユニバンス,石川裕紀,7,2:01.1,5.8,3-4-2-2,4,444,-10,牝,3,54.0,36.8,3.0,3歳未勝利,2022年8月7日,1回札幌6日目,3歳未勝利,芝,2000,右,良,晴,0,札幌
202201020307,スコールユニバンス,ルメール,5,2:05.6,3.2,6-6-9-9,4,454,10,牝,3,54.0,36.3,1.0,3歳未勝利,2022年8月20日,2回札幌3日目,3歳未勝利,芝,2000,右,稍,曇,0,札幌
202201020704,スコールユニバンス,ルメール,6,2:02.3,5.3,5-5-7-5,1,458,4,牝,3,54.0,36.5,4.0,3歳未勝利,2022年9月3日,2回札幌7日目,3歳未勝利,芝,2000,右,良,晴,0,札幌
202207030205,スコールユニバンス,古川奈穂,10,1:33.5,2.0,7-6-6,2,450,-8,牝,3,50.0,34.5,1.0,3歳未勝利,2022年5月8日,3回中京2日目,3歳未勝利,芝,1600,左,良,晴,6,中京
202207030804,スコールユニバンス,坂井瑠星,7,1:35.1,1.8,3-3-3,2,454,4,牝,3,54.0,34.7,1.0,3歳未勝利,2022年5月29日,3回中京8日目,3歳未勝利,芝,1600,左,良,晴,6,中京
202207060506,スコールユニバンス,西村淳也,5,1:34.6,3.7,3-5-5,2,462,4,牝,3,54.0,34.8,1.0,3歳以上1勝クラス,2022年12月17日,6回中京5日目,3歳以上1勝クラス,芝,1600,左,良,曇,6,中京
202209010504,スコールユニバンス,古川奈穂,2,1:34.6,3.4,13-9,2,450,6,牝,3,50.0,35.3,2.0,3歳未勝利,2022年2月26日,1回阪神5日目,3歳未勝利,芝,1600,右,良,晴,8,阪神
202209021004,スコールユニバンス,古川奈穂,4,1:36.6,2.4,6-5,3,458,8,牝,3,50.0,34.7,1.0,3歳未勝利,2022年4月24日,2回阪神10日目,3歳未勝利,芝,1600,右,稍,小,8,阪神
202209030202,スコールユニバンス,坂井瑠星,17,1:21.9,2.0,3-3,7,454,0,牝,3,54.0,36.2,1.0,3歳未勝利,2022年6月19日,3回阪神2日目,3歳未勝利,芝,1400,右,良,晴,8,阪神
202304020311,スコールユニバンス,坂井瑠星,3,1:20.3,25.2,6-6,4,456,4,牝,4,53.0,34.8,10.0,新潟日報賞 ,2023年8月5日,2回新潟3日目,3歳以上3勝クラス,芝,1400,左,良,晴,3,新潟
202305021010,スコールユニバンス,坂井瑠星,11,1:21.0,15.9,15-15,8,458,8,牝,4,56.0,33.5,8.0,フリーウェイS ,2023年5月21日,2回東京10日目,4歳以上3勝クラス,芝,1400,左,良,晴,4,東京
202305030610,スコールユニバンス,丸山元気,14,1:20.6,18.2,11-11,7,452,-6,牝,4,53.0,33.5,8.0,多摩川ステークス ,2023年6月18日,3回東京6日目,3歳以上3勝クラス,芝,1400,左,良,晴,4,東京
202305040410,スコールユニバンス,鮫島克駿,5,1:21.5,16.3,11-11,8,452,-10,牝,4,56.0,33.6,6.0,白秋ステークス ,2023年10月14日,4回東京4日目,3歳以上3勝クラス,芝,1400,左,良,晴,4,東京
202307010212,スコールユニバンス,坂井瑠星,14,1:20.7,2.6,12-12,1,454,-8,牝,4,55.0,33.9,1.0,4歳以上1勝クラス,2023年1月7日,1回中京2日目,4歳以上1勝クラス,芝,1400,左,良,晴,6,中京
202307020209,スコールユニバンス,坂井瑠星,2,1:21.3,1.5,8-7,1,450,-4,牝,4,54.0,34.9,1.0,岡崎特別 ,2023年3月12日,2回中京2日目,4歳以上2勝クラス,芝,1400,左,良,曇,6,中京
202307040111,スコールユニバンス,田口貫太,10,1:20.5,16.5,9-9,5,458,6,牝,4,56.0,35.0,7.0,浜松ステークス ,2023年12月2日,4回中京1日目,3歳以上3勝クラス,芝,1400,左,良,晴,6,中京
202308020110,スコールユニバンス,西村淳也,11,1:20.9,17.7,13-13,10,462,6,牝,4,53.0,34.3,8.0,長岡京ステークス ,2023年10月7日,2回京都1日目,3歳以上3勝クラス,芝,1400,右,良,晴,7,京都
202309030710,スコールユニバンス,坂井瑠星,7,1:22.0,14.9,10-11,14,452,0,牝,4,56.0,34.7,7.0,ストークステークス ,2023年6月24日,3回阪神7日目,3歳以上3勝クラス,芝,1400,右,良,曇,8,阪神
202309050912,スコールユニバンス,田口貫太,2,1:08.8,32.5,11-10,1,458,0,牝,4,56.0,33.5,8.0,カウントダウンS ,2023年12月28日,5回阪神9日目,3歳以上3勝クラス,芝,1200,右,良,晴,8,阪神
